evaluation_id,session_id,task_id,task_order,agent,strategy,scope_id,rule_id,category,file,message,delta_scope,change_type
baseline/Base,baseline,Base,0,baseline,baseline,frontend,FE-STATE-C-002-context-provider-only-in-controlled-locations,STATE,frontend/src/themes/index.jsx,Context providers must stay at an approved application or route boundary.,absolute,current
baseline/Base,baseline,Base,0,baseline,baseline,frontend,FE-STATE-C-002-context-provider-only-in-controlled-locations,STATE,frontend/src/themes/index.jsx,Context providers must stay at an approved application or route boundary.,absolute,current
baseline/Base,baseline,Base,0,baseline,baseline,frontend,FE-DUP-C-002-single-authoritative-implementation,DUP,frontend/src/layout/components/Navbar/HeaderContent/Notification.jsx,function-clone logic has more than one production implementation.,absolute,current
baseline/Base,baseline,Base,0,baseline,baseline,frontend,FE-DUP-C-002-single-authoritative-implementation,DUP,frontend/src/pages/contacts/contactQueries.js,3 substantive duplicate implementation groups exist across the same files.,absolute,current
baseline/Base,baseline,Base,0,baseline,baseline,frontend,FE-DUP-C-002-single-authoritative-implementation,DUP,frontend/src/pages/contacts/ContactTable.jsx,component-clone logic has more than one production implementation.,absolute,current
session_20260817_014141/T1,session_20260817_014141,T1,1,codex,minimal,backend,BE-DOM-C-001-no-cross-module-deep-import,DOM,backend/src/modules/deal/deal.service.ts,Cross-module imports must use index.ts or the target module file.,absolute,current
session_20260817_014141/T1,session_20260817_014141,T1,1,codex,minimal,backend,BE-DOM-C-001-no-cross-module-deep-import,DOM,backend/src/modules/deal/deal.service.ts,Cross-module imports must use index.ts or the target module file.,absolute,current
session_20260817_014141/T1,session_20260817_014141,T1,1,codex,minimal,backend,BE-CONTRACT-C-001-entity-change-requires-migration,CONTRACT,backend/src/modules/deal/deal.entity.ts,Persistent change deals.name lacks a matching executable migration.,absolute,current
session_20260817_014141/T1,session_20260817_014141,T1,1,codex,minimal,backend,BE-CONTRACT-C-001-entity-change-requires-migration,CONTRACT,backend/src/modules/deal/deal.entity.ts,Persistent change deals.value lacks a matching executable migration.,absolute,current
session_20260817_014141/T1,session_20260817_014141,T1,1,codex,minimal,backend,BE-CONTRACT-C-001-entity-change-requires-migration,CONTRACT,backend/src/modules/deal/deal.entity.ts,Persistent change deals.expectedCloseDate lacks a matching executable migration.,absolute,current
session_20260817_014141/T1,session_20260817_014141,T1,1,codex,minimal,backend,BE-CONTRACT-C-001-entity-change-requires-migration,CONTRACT,backend/src/modules/deal/deal.entity.ts,Persistent change deals.createdAt lacks a matching executable migration.,absolute,current
session_20260817_014141/T1,session_20260817_014141,T1,1,codex,minimal,backend,BE-CONTRACT-C-001-entity-change-requires-migration,CONTRACT,backend/src/modules/deal/deal.entity.ts,Persistent change deals.updatedAt lacks a matching executable migration.,absolute,current
session_20260817_014141/T1,session_20260817_014141,T1,1,codex,minimal,backend,BE-CONTRACT-C-001-entity-change-requires-migration,CONTRACT,backend/src/modules/deal/deal.entity.ts,Persistent change deals.deletedAt lacks a matching executable migration.,absolute,current
session_20260817_014141/T1,session_20260817_014141,T1,1,codex,minimal,frontend,FE-STATE-C-002-context-provider-only-in-controlled-locations,STATE,frontend/src/themes/index.jsx,Context providers must stay at an approved application or route boundary.,absolute,current
session_20260817_014141/T1,session_20260817_014141,T1,1,codex,minimal,frontend,FE-STATE-C-002-context-provider-only-in-controlled-locations,STATE,frontend/src/themes/index.jsx,Context providers must stay at an approved application or route boundary.,absolute,current
session_20260817_014141/T1,session_20260817_014141,T1,1,codex,minimal,frontend,FE-DUP-C-002-single-authoritative-implementation,DUP,frontend/src/layout/components/Navbar/HeaderContent/Notification.jsx,function-clone logic has more than one production implementation.,absolute,current
session_20260817_014141/T1,session_20260817_014141,T1,1,codex,minimal,frontend,FE-DUP-C-002-single-authoritative-implementation,DUP,frontend/src/pages/contacts/contactQueries.js,3 substantive duplicate implementation groups exist across the same files.,absolute,current
session_20260817_014141/T1,session_20260817_014141,T1,1,codex,minimal,frontend,FE-DUP-C-002-single-authoritative-implementation,DUP,frontend/src/pages/contacts/ContactTable.jsx,component-clone logic has more than one production implementation.,absolute,current
session_20260817_014141/T1,session_20260817_014141,T1,1,codex,minimal,frontend,FE-DUP-C-002-single-authoritative-implementation,DUP,frontend/src/pages/deals/DealDetail.jsx,component-clone logic has more than one production implementation.,absolute,current
session_20260817_014141/T1,session_20260817_014141,T1,1,codex,minimal,frontend,FE-DUP-C-002-single-authoritative-implementation,DUP,frontend/src/pages/deals/dealQueries.js,function-clone logic has more than one production implementation.,absolute,current
session_20260817_014141/T1,session_20260817_014141,T1,1,codex,minimal,frontend,FE-DUP-C-002-single-authoritative-implementation,DUP,frontend/src/pages/deals/dealQueries.js,3 substantive duplicate implementation groups exist across the same files.,absolute,current
session_20260817_014141/T1,session_20260817_014141,T1,1,codex,minimal,backend,BE-DOM-C-001-no-cross-module-deep-import,DOM,backend/src/modules/deal/deal.service.ts,Cross-module imports must use index.ts or the target module file.,run_local,introduced
session_20260817_014141/T1,session_20260817_014141,T1,1,codex,minimal,backend,BE-DOM-C-001-no-cross-module-deep-import,DOM,backend/src/modules/deal/deal.service.ts,Cross-module imports must use index.ts or the target module file.,run_local,introduced
session_20260817_014141/T1,session_20260817_014141,T1,1,codex,minimal,backend,BE-CONTRACT-C-001-entity-change-requires-migration,CONTRACT,backend/src/modules/deal/deal.entity.ts,Persistent change deals.name lacks a matching executable migration.,run_local,introduced
session_20260817_014141/T1,session_20260817_014141,T1,1,codex,minimal,backend,BE-CONTRACT-C-001-entity-change-requires-migration,CONTRACT,backend/src/modules/deal/deal.entity.ts,Persistent change deals.value lacks a matching executable migration.,run_local,introduced
session_20260817_014141/T1,session_20260817_014141,T1,1,codex,minimal,backend,BE-CONTRACT-C-001-entity-change-requires-migration,CONTRACT,backend/src/modules/deal/deal.entity.ts,Persistent change deals.expectedCloseDate lacks a matching executable migration.,run_local,introduced
session_20260817_014141/T1,session_20260817_014141,T1,1,codex,minimal,backend,BE-CONTRACT-C-001-entity-change-requires-migration,CONTRACT,backend/src/modules/deal/deal.entity.ts,Persistent change deals.createdAt lacks a matching executable migration.,run_local,introduced
session_20260817_014141/T1,session_20260817_014141,T1,1,codex,minimal,backend,BE-CONTRACT-C-001-entity-change-requires-migration,CONTRACT,backend/src/modules/deal/deal.entity.ts,Persistent change deals.updatedAt lacks a matching executable migration.,run_local,introduced
session_20260817_014141/T1,session_20260817_014141,T1,1,codex,minimal,backend,BE-CONTRACT-C-001-entity-change-requires-migration,CONTRACT,backend/src/modules/deal/deal.entity.ts,Persistent change deals.deletedAt lacks a matching executable migration.,run_local,introduced
session_20260817_014141/T1,session_20260817_014141,T1,1,codex,minimal,frontend,FE-DUP-C-002-single-authoritative-implementation,DUP,frontend/src/pages/deals/DealDetail.jsx,component-clone logic has more than one production implementation.,run_local,introduced
session_20260817_014141/T1,session_20260817_014141,T1,1,codex,minimal,frontend,FE-DUP-C-002-single-authoritative-implementation,DUP,frontend/src/pages/deals/dealQueries.js,function-clone logic has more than one production implementation.,run_local,introduced
session_20260817_014141/T1,session_20260817_014141,T1,1,codex,minimal,frontend,FE-DUP-C-002-single-authoritative-implementation,DUP,frontend/src/pages/deals/dealQueries.js,3 substantive duplicate implementation groups exist across the same files.,run_local,introduced
session_20260817_014141/T1,session_20260817_014141,T1,1,codex,minimal,backend,BE-DOM-C-001-no-cross-module-deep-import,DOM,backend/src/modules/deal/deal.service.ts,Cross-module imports must use index.ts or the target module file.,trajectory_cumulative,introduced
session_20260817_014141/T1,session_20260817_014141,T1,1,codex,minimal,backend,BE-DOM-C-001-no-cross-module-deep-import,DOM,backend/src/modules/deal/deal.service.ts,Cross-module imports must use index.ts or the target module file.,trajectory_cumulative,introduced
session_20260817_014141/T1,session_20260817_014141,T1,1,codex,minimal,backend,BE-CONTRACT-C-001-entity-change-requires-migration,CONTRACT,backend/src/modules/deal/deal.entity.ts,Persistent change deals.name lacks a matching executable migration.,trajectory_cumulative,introduced
session_20260817_014141/T1,session_20260817_014141,T1,1,codex,minimal,backend,BE-CONTRACT-C-001-entity-change-requires-migration,CONTRACT,backend/src/modules/deal/deal.entity.ts,Persistent change deals.value lacks a matching executable migration.,trajectory_cumulative,introduced
session_20260817_014141/T1,session_20260817_014141,T1,1,codex,minimal,backend,BE-CONTRACT-C-001-entity-change-requires-migration,CONTRACT,backend/src/modules/deal/deal.entity.ts,Persistent change deals.expectedCloseDate lacks a matching executable migration.,trajectory_cumulative,introduced
session_20260817_014141/T1,session_20260817_014141,T1,1,codex,minimal,backend,BE-CONTRACT-C-001-entity-change-requires-migration,CONTRACT,backend/src/modules/deal/deal.entity.ts,Persistent change deals.createdAt lacks a matching executable migration.,trajectory_cumulative,introduced
session_20260817_014141/T1,session_20260817_014141,T1,1,codex,minimal,backend,BE-CONTRACT-C-001-entity-change-requires-migration,CONTRACT,backend/src/modules/deal/deal.entity.ts,Persistent change deals.updatedAt lacks a matching executable migration.,trajectory_cumulative,introduced
session_20260817_014141/T1,session_20260817_014141,T1,1,codex,minimal,backend,BE-CONTRACT-C-001-entity-change-requires-migration,CONTRACT,backend/src/modules/deal/deal.entity.ts,Persistent change deals.deletedAt lacks a matching executable migration.,trajectory_cumulative,introduced
session_20260817_014141/T1,session_20260817_014141,T1,1,codex,minimal,frontend,FE-DUP-C-002-single-authoritative-implementation,DUP,frontend/src/pages/deals/DealDetail.jsx,component-clone logic has more than one production implementation.,trajectory_cumulative,introduced
session_20260817_014141/T1,session_20260817_014141,T1,1,codex,minimal,frontend,FE-DUP-C-002-single-authoritative-implementation,DUP,frontend/src/pages/deals/dealQueries.js,function-clone logic has more than one production implementation.,trajectory_cumulative,introduced
session_20260817_014141/T1,session_20260817_014141,T1,1,codex,minimal,frontend,FE-DUP-C-002-single-authoritative-implementation,DUP,frontend/src/pages/deals/dealQueries.js,3 substantive duplicate implementation groups exist across the same files.,trajectory_cumulative,introduced
session_20260817_014141/T2,session_20260817_014141,T2,2,codex,minimal,backend,BE-DOM-C-001-no-cross-module-deep-import,DOM,backend/src/modules/deal/deal.service.ts,Cross-module imports must use index.ts or the target module file.,absolute,current
session_20260817_014141/T2,session_20260817_014141,T2,2,codex,minimal,backend,BE-DOM-C-001-no-cross-module-deep-import,DOM,backend/src/modules/deal/deal.service.ts,Cross-module imports must use index.ts or the target module file.,absolute,current
session_20260817_014141/T2,session_20260817_014141,T2,2,codex,minimal,backend,BE-ERR-C-002-throw-only-app-exception,ERR,backend/src/modules/contact/contact.service.ts,Service failures must use the project AppException.,absolute,current
session_20260817_014141/T2,session_20260817_014141,T2,2,codex,minimal,backend,BE-ERR-C-002-throw-only-app-exception,ERR,backend/src/modules/contact/contact.service.ts,Service failures must use the project AppException.,absolute,current
session_20260817_014141/T2,session_20260817_014141,T2,2,codex,minimal,backend,BE-ERR-C-002-throw-only-app-exception,ERR,backend/src/modules/contact/contact.service.ts,Service failures must use the project AppException.,absolute,current
session_20260817_014141/T2,session_20260817_014141,T2,2,codex,minimal,backend,BE-ERR-C-002-throw-only-app-exception,ERR,backend/src/modules/contact/contact.service.ts,Service failures must use the project AppException.,absolute,current
session_20260817_014141/T2,session_20260817_014141,T2,2,codex,minimal,backend,BE-ERR-C-002-throw-only-app-exception,ERR,backend/src/modules/contact/contact.service.ts,Service failures must use the project AppException.,absolute,current
session_20260817_014141/T2,session_20260817_014141,T2,2,codex,minimal,backend,BE-ERR-C-002-throw-only-app-exception,ERR,backend/src/modules/contact/contact.service.ts,Service failures must use the project AppException.,absolute,current
session_20260817_014141/T2,session_20260817_014141,T2,2,codex,minimal,backend,BE-ERR-C-002-throw-only-app-exception,ERR,backend/src/modules/deal/deal.service.ts,Service failures must use the project AppException.,absolute,current
session_20260817_014141/T2,session_20260817_014141,T2,2,codex,minimal,backend,BE-CONTRACT-C-001-entity-change-requires-migration,CONTRACT,backend/src/modules/contact/contact-company-link.entity.ts,Persistent change contact_companies.createdAt lacks a matching executable migration.,absolute,current
session_20260817_014141/T2,session_20260817_014141,T2,2,codex,minimal,backend,BE-CONTRACT-C-001-entity-change-requires-migration,CONTRACT,backend/src/modules/contact/contact.entity.ts,Persistent change contacts.email lacks a matching executable migration.,absolute,current
session_20260817_014141/T2,session_20260817_014141,T2,2,codex,minimal,backend,BE-CONTRACT-C-001-entity-change-requires-migration,CONTRACT,backend/src/modules/contact/contact.entity.ts,Persistent change contacts.phone lacks a matching executable migration.,absolute,current
session_20260817_014141/T2,session_20260817_014141,T2,2,codex,minimal,backend,BE-CONTRACT-C-001-entity-change-requires-migration,CONTRACT,backend/src/modules/contact/contact.entity.ts,Persistent change contacts.role lacks a matching executable migration.,absolute,current
session_20260817_014141/T2,session_20260817_014141,T2,2,codex,minimal,backend,BE-CONTRACT-C-001-entity-change-requires-migration,CONTRACT,backend/src/modules/contact/contact.entity.ts,Persistent change contacts.deletedAt lacks a matching executable migration.,absolute,current
session_20260817_014141/T2,session_20260817_014141,T2,2,codex,minimal,backend,BE-CONTRACT-C-001-entity-change-requires-migration,CONTRACT,backend/src/modules/contact/contact.entity.ts,Persistent change contacts.lastContactedAt lacks a matching executable migration.,absolute,current
session_20260817_014141/T2,session_20260817_014141,T2,2,codex,minimal,backend,BE-CONTRACT-C-001-entity-change-requires-migration,CONTRACT,backend/src/modules/deal/deal-contact-link.entity.ts,Persistent change deal_contacts.role lacks a matching executable migration.,absolute,current
session_20260817_014141/T2,session_20260817_014141,T2,2,codex,minimal,backend,BE-CONTRACT-C-001-entity-change-requires-migration,CONTRACT,backend/src/modules/deal/deal-contact-link.entity.ts,Persistent change deal_contacts.createdAt lacks a matching executable migration.,absolute,current
session_20260817_014141/T2,session_20260817_014141,T2,2,codex,minimal,backend,BE-DUP-C-003-no-equivalent-production-code,DUP,backend/src/modules/deal/deal.service.ts,Equivalent production functions must reuse one shared implementation.,absolute,current
session_20260817_014141/T2,session_20260817_014141,T2,2,codex,minimal,backend,BE-DUP-C-003-no-equivalent-production-code,DUP,backend/src/modules/deal/deal.service.ts,Equivalent production functions must reuse one shared implementation.,absolute,current
session_20260817_014141/T2,session_20260817_014141,T2,2,codex,minimal,backend,BE-DUP-C-003-no-equivalent-production-code,DUP,backend/src/modules/deal/deal.service.ts,Equivalent production functions must reuse one shared implementation.,absolute,current
session_20260817_014141/T2,session_20260817_014141,T2,2,codex,minimal,frontend,FE-COM-C-001-component-file-max-lines,COM,frontend/src/pages/deals/DealForm.jsx,"React component file has 368 non-blank, non-comment lines; maximum is 300.",absolute,current
session_20260817_014141/T2,session_20260817_014141,T2,2,codex,minimal,frontend,FE-STATE-C-002-context-provider-only-in-controlled-locations,STATE,frontend/src/themes/index.jsx,Context providers must stay at an approved application or route boundary.,absolute,current
session_20260817_014141/T2,session_20260817_014141,T2,2,codex,minimal,frontend,FE-STATE-C-002-context-provider-only-in-controlled-locations,STATE,frontend/src/themes/index.jsx,Context providers must stay at an approved application or route boundary.,absolute,current
session_20260817_014141/T2,session_20260817_014141,T2,2,codex,minimal,frontend,FE-DUP-C-002-single-authoritative-implementation,DUP,frontend/src/layout/components/Navbar/HeaderContent/Notification.jsx,function-clone logic has more than one production implementation.,absolute,current
session_20260817_014141/T2,session_20260817_014141,T2,2,codex,minimal,frontend,FE-DUP-C-002-single-authoritative-implementation,DUP,frontend/src/pages/contacts/contactQueries.js,3 substantive duplicate implementation groups exist across the same files.,absolute,current
session_20260817_014141/T2,session_20260817_014141,T2,2,codex,minimal,frontend,FE-DUP-C-002-single-authoritative-implementation,DUP,frontend/src/pages/contacts/ContactTable.jsx,component-clone logic has more than one production implementation.,absolute,current
session_20260817_014141/T2,session_20260817_014141,T2,2,codex,minimal,frontend,FE-DUP-C-002-single-authoritative-implementation,DUP,frontend/src/pages/deals/DealDetail.jsx,component-clone logic has more than one production implementation.,absolute,current
session_20260817_014141/T2,session_20260817_014141,T2,2,codex,minimal,frontend,FE-DUP-C-002-single-authoritative-implementation,DUP,frontend/src/pages/deals/dealQueries.js,function-clone logic has more than one production implementation.,absolute,current
session_20260817_014141/T2,session_20260817_014141,T2,2,codex,minimal,frontend,FE-DUP-C-002-single-authoritative-implementation,DUP,frontend/src/pages/deals/dealQueries.js,3 substantive duplicate implementation groups exist across the same files.,absolute,current
session_20260817_014141/T2,session_20260817_014141,T2,2,codex,minimal,backend,BE-ERR-C-002-throw-only-app-exception,ERR,backend/src/modules/contact/contact.service.ts,Service failures must use the project AppException.,run_local,introduced
session_20260817_014141/T2,session_20260817_014141,T2,2,codex,minimal,backend,BE-ERR-C-002-throw-only-app-exception,ERR,backend/src/modules/contact/contact.service.ts,Service failures must use the project AppException.,run_local,introduced
session_20260817_014141/T2,session_20260817_014141,T2,2,codex,minimal,backend,BE-ERR-C-002-throw-only-app-exception,ERR,backend/src/modules/contact/contact.service.ts,Service failures must use the project AppException.,run_local,introduced
session_20260817_014141/T2,session_20260817_014141,T2,2,codex,minimal,backend,BE-ERR-C-002-throw-only-app-exception,ERR,backend/src/modules/contact/contact.service.ts,Service failures must use the project AppException.,run_local,introduced
session_20260817_014141/T2,session_20260817_014141,T2,2,codex,minimal,backend,BE-ERR-C-002-throw-only-app-exception,ERR,backend/src/modules/contact/contact.service.ts,Service failures must use the project AppException.,run_local,introduced
session_20260817_014141/T2,session_20260817_014141,T2,2,codex,minimal,backend,BE-ERR-C-002-throw-only-app-exception,ERR,backend/src/modules/contact/contact.service.ts,Service failures must use the project AppException.,run_local,introduced
session_20260817_014141/T2,session_20260817_014141,T2,2,codex,minimal,backend,BE-ERR-C-002-throw-only-app-exception,ERR,backend/src/modules/deal/deal.service.ts,Service failures must use the project AppException.,run_local,introduced
session_20260817_014141/T2,session_20260817_014141,T2,2,codex,minimal,backend,BE-CONTRACT-C-001-entity-change-requires-migration,CONTRACT,backend/src/modules/contact/contact-company-link.entity.ts,Persistent change contact_companies.createdAt lacks a matching executable migration.,run_local,introduced
session_20260817_014141/T2,session_20260817_014141,T2,2,codex,minimal,backend,BE-CONTRACT-C-001-entity-change-requires-migration,CONTRACT,backend/src/modules/contact/contact.entity.ts,Persistent change contacts.email lacks a matching executable migration.,run_local,introduced
session_20260817_014141/T2,session_20260817_014141,T2,2,codex,minimal,backend,BE-CONTRACT-C-001-entity-change-requires-migration,CONTRACT,backend/src/modules/contact/contact.entity.ts,Persistent change contacts.phone lacks a matching executable migration.,run_local,introduced
session_20260817_014141/T2,session_20260817_014141,T2,2,codex,minimal,backend,BE-CONTRACT-C-001-entity-change-requires-migration,CONTRACT,backend/src/modules/contact/contact.entity.ts,Persistent change contacts.role lacks a matching executable migration.,run_local,introduced
session_20260817_014141/T2,session_20260817_014141,T2,2,codex,minimal,backend,BE-CONTRACT-C-001-entity-change-requires-migration,CONTRACT,backend/src/modules/contact/contact.entity.ts,Persistent change contacts.deletedAt lacks a matching executable migration.,run_local,introduced
session_20260817_014141/T2,session_20260817_014141,T2,2,codex,minimal,backend,BE-CONTRACT-C-001-entity-change-requires-migration,CONTRACT,backend/src/modules/contact/contact.entity.ts,Persistent change contacts.lastContactedAt lacks a matching executable migration.,run_local,introduced
session_20260817_014141/T2,session_20260817_014141,T2,2,codex,minimal,backend,BE-CONTRACT-C-001-entity-change-requires-migration,CONTRACT,backend/src/modules/deal/deal-contact-link.entity.ts,Persistent change deal_contacts.role lacks a matching executable migration.,run_local,introduced
session_20260817_014141/T2,session_20260817_014141,T2,2,codex,minimal,backend,BE-CONTRACT-C-001-entity-change-requires-migration,CONTRACT,backend/src/modules/deal/deal-contact-link.entity.ts,Persistent change deal_contacts.createdAt lacks a matching executable migration.,run_local,introduced
session_20260817_014141/T2,session_20260817_014141,T2,2,codex,minimal,backend,BE-DUP-C-003-no-equivalent-production-code,DUP,backend/src/modules/deal/deal.service.ts,Equivalent production functions must reuse one shared implementation.,run_local,introduced
session_20260817_014141/T2,session_20260817_014141,T2,2,codex,minimal,backend,BE-DUP-C-003-no-equivalent-production-code,DUP,backend/src/modules/deal/deal.service.ts,Equivalent production functions must reuse one shared implementation.,run_local,introduced
session_20260817_014141/T2,session_20260817_014141,T2,2,codex,minimal,backend,BE-DUP-C-003-no-equivalent-production-code,DUP,backend/src/modules/deal/deal.service.ts,Equivalent production functions must reuse one shared implementation.,run_local,introduced
session_20260817_014141/T2,session_20260817_014141,T2,2,codex,minimal,frontend,FE-COM-C-001-component-file-max-lines,COM,frontend/src/pages/deals/DealForm.jsx,"React component file has 368 non-blank, non-comment lines; maximum is 300.",run_local,introduced
session_20260817_014141/T2,session_20260817_014141,T2,2,codex,minimal,frontend,FE-DUP-C-002-single-authoritative-implementation,DUP,frontend/src/pages/contacts/ContactTable.jsx,component-clone logic has more than one production implementation.,run_local,introduced
session_20260817_014141/T2,session_20260817_014141,T2,2,codex,minimal,backend,BE-CONTRACT-C-001-entity-change-requires-migration,CONTRACT,backend/src/modules/deal/deal.entity.ts,Persistent change deals.name lacks a matching executable migration.,run_local,resolved
session_20260817_014141/T2,session_20260817_014141,T2,2,codex,minimal,backend,BE-CONTRACT-C-001-entity-change-requires-migration,CONTRACT,backend/src/modules/deal/deal.entity.ts,Persistent change deals.value lacks a matching executable migration.,run_local,resolved
session_20260817_014141/T2,session_20260817_014141,T2,2,codex,minimal,backend,BE-CONTRACT-C-001-entity-change-requires-migration,CONTRACT,backend/src/modules/deal/deal.entity.ts,Persistent change deals.expectedCloseDate lacks a matching executable migration.,run_local,resolved
session_20260817_014141/T2,session_20260817_014141,T2,2,codex,minimal,backend,BE-CONTRACT-C-001-entity-change-requires-migration,CONTRACT,backend/src/modules/deal/deal.entity.ts,Persistent change deals.createdAt lacks a matching executable migration.,run_local,resolved
session_20260817_014141/T2,session_20260817_014141,T2,2,codex,minimal,backend,BE-CONTRACT-C-001-entity-change-requires-migration,CONTRACT,backend/src/modules/deal/deal.entity.ts,Persistent change deals.updatedAt lacks a matching executable migration.,run_local,resolved
session_20260817_014141/T2,session_20260817_014141,T2,2,codex,minimal,backend,BE-CONTRACT-C-001-entity-change-requires-migration,CONTRACT,backend/src/modules/deal/deal.entity.ts,Persistent change deals.deletedAt lacks a matching executable migration.,run_local,resolved
session_20260817_014141/T2,session_20260817_014141,T2,2,codex,minimal,frontend,FE-DUP-C-002-single-authoritative-implementation,DUP,frontend/src/pages/contacts/ContactTable.jsx,component-clone logic has more than one production implementation.,run_local,resolved
session_20260817_014141/T2,session_20260817_014141,T2,2,codex,minimal,backend,BE-DOM-C-001-no-cross-module-deep-import,DOM,backend/src/modules/deal/deal.service.ts,Cross-module imports must use index.ts or the target module file.,trajectory_cumulative,introduced
session_20260817_014141/T2,session_20260817_014141,T2,2,codex,minimal,backend,BE-DOM-C-001-no-cross-module-deep-import,DOM,backend/src/modules/deal/deal.service.ts,Cross-module imports must use index.ts or the target module file.,trajectory_cumulative,introduced
session_20260817_014141/T2,session_20260817_014141,T2,2,codex,minimal,backend,BE-ERR-C-002-throw-only-app-exception,ERR,backend/src/modules/contact/contact.service.ts,Service failures must use the project AppException.,trajectory_cumulative,introduced
session_20260817_014141/T2,session_20260817_014141,T2,2,codex,minimal,backend,BE-ERR-C-002-throw-only-app-exception,ERR,backend/src/modules/contact/contact.service.ts,Service failures must use the project AppException.,trajectory_cumulative,introduced
session_20260817_014141/T2,session_20260817_014141,T2,2,codex,minimal,backend,BE-ERR-C-002-throw-only-app-exception,ERR,backend/src/modules/contact/contact.service.ts,Service failures must use the project AppException.,trajectory_cumulative,introduced
session_20260817_014141/T2,session_20260817_014141,T2,2,codex,minimal,backend,BE-ERR-C-002-throw-only-app-exception,ERR,backend/src/modules/contact/contact.service.ts,Service failures must use the project AppException.,trajectory_cumulative,introduced
session_20260817_014141/T2,session_20260817_014141,T2,2,codex,minimal,backend,BE-ERR-C-002-throw-only-app-exception,ERR,backend/src/modules/contact/contact.service.ts,Service failures must use the project AppException.,trajectory_cumulative,introduced
session_20260817_014141/T2,session_20260817_014141,T2,2,codex,minimal,backend,BE-ERR-C-002-throw-only-app-exception,ERR,backend/src/modules/contact/contact.service.ts,Service failures must use the project AppException.,trajectory_cumulative,introduced
session_20260817_014141/T2,session_20260817_014141,T2,2,codex,minimal,backend,BE-ERR-C-002-throw-only-app-exception,ERR,backend/src/modules/deal/deal.service.ts,Service failures must use the project AppException.,trajectory_cumulative,introduced
session_20260817_014141/T2,session_20260817_014141,T2,2,codex,minimal,backend,BE-CONTRACT-C-001-entity-change-requires-migration,CONTRACT,backend/src/modules/contact/contact-company-link.entity.ts,Persistent change contact_companies.createdAt lacks a matching executable migration.,trajectory_cumulative,introduced
session_20260817_014141/T2,session_20260817_014141,T2,2,codex,minimal,backend,BE-CONTRACT-C-001-entity-change-requires-migration,CONTRACT,backend/src/modules/contact/contact.entity.ts,Persistent change contacts.email lacks a matching executable migration.,trajectory_cumulative,introduced
session_20260817_014141/T2,session_20260817_014141,T2,2,codex,minimal,backend,BE-CONTRACT-C-001-entity-change-requires-migration,CONTRACT,backend/src/modules/contact/contact.entity.ts,Persistent change contacts.phone lacks a matching executable migration.,trajectory_cumulative,introduced
session_20260817_014141/T2,session_20260817_014141,T2,2,codex,minimal,backend,BE-CONTRACT-C-001-entity-change-requires-migration,CONTRACT,backend/src/modules/contact/contact.entity.ts,Persistent change contacts.role lacks a matching executable migration.,trajectory_cumulative,introduced
session_20260817_014141/T2,session_20260817_014141,T2,2,codex,minimal,backend,BE-CONTRACT-C-001-entity-change-requires-migration,CONTRACT,backend/src/modules/contact/contact.entity.ts,Persistent change contacts.deletedAt lacks a matching executable migration.,trajectory_cumulative,introduced
session_20260817_014141/T2,session_20260817_014141,T2,2,codex,minimal,backend,BE-CONTRACT-C-001-entity-change-requires-migration,CONTRACT,backend/src/modules/contact/contact.entity.ts,Persistent change contacts.lastContactedAt lacks a matching executable migration.,trajectory_cumulative,introduced
session_20260817_014141/T2,session_20260817_014141,T2,2,codex,minimal,backend,BE-CONTRACT-C-001-entity-change-requires-migration,CONTRACT,backend/src/modules/deal/deal-contact-link.entity.ts,Persistent change deal_contacts.role lacks a matching executable migration.,trajectory_cumulative,introduced
session_20260817_014141/T2,session_20260817_014141,T2,2,codex,minimal,backend,BE-CONTRACT-C-001-entity-change-requires-migration,CONTRACT,backend/src/modules/deal/deal-contact-link.entity.ts,Persistent change deal_contacts.createdAt lacks a matching executable migration.,trajectory_cumulative,introduced
session_20260817_014141/T2,session_20260817_014141,T2,2,codex,minimal,backend,BE-DUP-C-003-no-equivalent-production-code,DUP,backend/src/modules/deal/deal.service.ts,Equivalent production functions must reuse one shared implementation.,trajectory_cumulative,introduced
session_20260817_014141/T2,session_20260817_014141,T2,2,codex,minimal,backend,BE-DUP-C-003-no-equivalent-production-code,DUP,backend/src/modules/deal/deal.service.ts,Equivalent production functions must reuse one shared implementation.,trajectory_cumulative,introduced
session_20260817_014141/T2,session_20260817_014141,T2,2,codex,minimal,backend,BE-DUP-C-003-no-equivalent-production-code,DUP,backend/src/modules/deal/deal.service.ts,Equivalent production functions must reuse one shared implementation.,trajectory_cumulative,introduced
session_20260817_014141/T2,session_20260817_014141,T2,2,codex,minimal,frontend,FE-COM-C-001-component-file-max-lines,COM,frontend/src/pages/deals/DealForm.jsx,"React component file has 368 non-blank, non-comment lines; maximum is 300.",trajectory_cumulative,introduced
session_20260817_014141/T2,session_20260817_014141,T2,2,codex,minimal,frontend,FE-DUP-C-002-single-authoritative-implementation,DUP,frontend/src/pages/contacts/ContactTable.jsx,component-clone logic has more than one production implementation.,trajectory_cumulative,introduced
session_20260817_014141/T2,session_20260817_014141,T2,2,codex,minimal,frontend,FE-DUP-C-002-single-authoritative-implementation,DUP,frontend/src/pages/deals/DealDetail.jsx,component-clone logic has more than one production implementation.,trajectory_cumulative,introduced
session_20260817_014141/T2,session_20260817_014141,T2,2,codex,minimal,frontend,FE-DUP-C-002-single-authoritative-implementation,DUP,frontend/src/pages/deals/dealQueries.js,function-clone logic has more than one production implementation.,trajectory_cumulative,introduced
session_20260817_014141/T2,session_20260817_014141,T2,2,codex,minimal,frontend,FE-DUP-C-002-single-authoritative-implementation,DUP,frontend/src/pages/deals/dealQueries.js,3 substantive duplicate implementation groups exist across the same files.,trajectory_cumulative,introduced
session_20260817_014141/T2,session_20260817_014141,T2,2,codex,minimal,frontend,FE-DUP-C-002-single-authoritative-implementation,DUP,frontend/src/pages/contacts/ContactTable.jsx,component-clone logic has more than one production implementation.,trajectory_cumulative,resolved
session_20260817_014141/T3,session_20260817_014141,T3,3,codex,minimal,backend,BE-DOM-C-001-no-cross-module-deep-import,DOM,backend/src/modules/deal/deal.service.ts,Cross-module imports must use index.ts or the target module file.,absolute,current
session_20260817_014141/T3,session_20260817_014141,T3,3,codex,minimal,backend,BE-DOM-C-001-no-cross-module-deep-import,DOM,backend/src/modules/deal/deal.service.ts,Cross-module imports must use index.ts or the target module file.,absolute,current
session_20260817_014141/T3,session_20260817_014141,T3,3,codex,minimal,backend,BE-ERR-C-002-throw-only-app-exception,ERR,backend/src/modules/contact/contact.service.ts,Service failures must use the project AppException.,absolute,current
session_20260817_014141/T3,session_20260817_014141,T3,3,codex,minimal,backend,BE-ERR-C-002-throw-only-app-exception,ERR,backend/src/modules/contact/contact.service.ts,Service failures must use the project AppException.,absolute,current
session_20260817_014141/T3,session_20260817_014141,T3,3,codex,minimal,backend,BE-ERR-C-002-throw-only-app-exception,ERR,backend/src/modules/contact/contact.service.ts,Service failures must use the project AppException.,absolute,current
session_20260817_014141/T3,session_20260817_014141,T3,3,codex,minimal,backend,BE-ERR-C-002-throw-only-app-exception,ERR,backend/src/modules/contact/contact.service.ts,Service failures must use the project AppException.,absolute,current
session_20260817_014141/T3,session_20260817_014141,T3,3,codex,minimal,backend,BE-ERR-C-002-throw-only-app-exception,ERR,backend/src/modules/contact/contact.service.ts,Service failures must use the project AppException.,absolute,current
session_20260817_014141/T3,session_20260817_014141,T3,3,codex,minimal,backend,BE-ERR-C-002-throw-only-app-exception,ERR,backend/src/modules/contact/contact.service.ts,Service failures must use the project AppException.,absolute,current
session_20260817_014141/T3,session_20260817_014141,T3,3,codex,minimal,backend,BE-ERR-C-002-throw-only-app-exception,ERR,backend/src/modules/deal/deal.service.ts,Service failures must use the project AppException.,absolute,current
session_20260817_014141/T3,session_20260817_014141,T3,3,codex,minimal,backend,BE-ERR-C-002-throw-only-app-exception,ERR,backend/src/modules/deal/deal.service.ts,Service failures must use the project AppException.,absolute,current
session_20260817_014141/T3,session_20260817_014141,T3,3,codex,minimal,backend,BE-ERR-C-002-throw-only-app-exception,ERR,backend/src/modules/deal/deal.service.ts,Service failures must use the project AppException.,absolute,current
session_20260817_014141/T3,session_20260817_014141,T3,3,codex,minimal,backend,BE-ERR-C-002-throw-only-app-exception,ERR,backend/src/modules/deal/deal.service.ts,Service failures must use the project AppException.,absolute,current
session_20260817_014141/T3,session_20260817_014141,T3,3,codex,minimal,backend,BE-ERR-C-002-throw-only-app-exception,ERR,backend/src/modules/deal/deal.service.ts,Service failures must use the project AppException.,absolute,current
session_20260817_014141/T3,session_20260817_014141,T3,3,codex,minimal,backend,BE-ERR-C-002-throw-only-app-exception,ERR,backend/src/modules/deal/deal.service.ts,Service failures must use the project AppException.,absolute,current
session_20260817_014141/T3,session_20260817_014141,T3,3,codex,minimal,backend,BE-DUP-C-003-no-equivalent-production-code,DUP,backend/src/modules/deal/deal.service.ts,Equivalent production functions must reuse one shared implementation.,absolute,current
session_20260817_014141/T3,session_20260817_014141,T3,3,codex,minimal,backend,BE-DUP-C-003-no-equivalent-production-code,DUP,backend/src/modules/deal/deal.service.ts,Equivalent production functions must reuse one shared implementation.,absolute,current
session_20260817_014141/T3,session_20260817_014141,T3,3,codex,minimal,backend,BE-DUP-C-003-no-equivalent-production-code,DUP,backend/src/modules/deal/deal.service.ts,Equivalent production functions must reuse one shared implementation.,absolute,current
session_20260817_014141/T3,session_20260817_014141,T3,3,codex,minimal,frontend,FE-COM-C-001-component-file-max-lines,COM,frontend/src/pages/deals/DealForm.jsx,"React component file has 463 non-blank, non-comment lines; maximum is 300.",absolute,current
session_20260817_014141/T3,session_20260817_014141,T3,3,codex,minimal,frontend,FE-STATE-C-002-context-provider-only-in-controlled-locations,STATE,frontend/src/themes/index.jsx,Context providers must stay at an approved application or route boundary.,absolute,current
session_20260817_014141/T3,session_20260817_014141,T3,3,codex,minimal,frontend,FE-STATE-C-002-context-provider-only-in-controlled-locations,STATE,frontend/src/themes/index.jsx,Context providers must stay at an approved application or route boundary.,absolute,current
session_20260817_014141/T3,session_20260817_014141,T3,3,codex,minimal,frontend,FE-DUP-C-002-single-authoritative-implementation,DUP,frontend/src/layout/components/Navbar/HeaderContent/Notification.jsx,function-clone logic has more than one production implementation.,absolute,current
session_20260817_014141/T3,session_20260817_014141,T3,3,codex,minimal,frontend,FE-DUP-C-002-single-authoritative-implementation,DUP,frontend/src/pages/contacts/contactQueries.js,3 substantive duplicate implementation groups exist across the same files.,absolute,current
session_20260817_014141/T3,session_20260817_014141,T3,3,codex,minimal,frontend,FE-DUP-C-002-single-authoritative-implementation,DUP,frontend/src/pages/contacts/ContactTable.jsx,component-clone logic has more than one production implementation.,absolute,current
session_20260817_014141/T3,session_20260817_014141,T3,3,codex,minimal,frontend,FE-DUP-C-002-single-authoritative-implementation,DUP,frontend/src/pages/deals/DealDetail.jsx,component-clone logic has more than one production implementation.,absolute,current
session_20260817_014141/T3,session_20260817_014141,T3,3,codex,minimal,frontend,FE-DUP-C-002-single-authoritative-implementation,DUP,frontend/src/pages/deals/dealQueries.js,function-clone logic has more than one production implementation.,absolute,current
session_20260817_014141/T3,session_20260817_014141,T3,3,codex,minimal,frontend,FE-DUP-C-002-single-authoritative-implementation,DUP,frontend/src/pages/deals/dealQueries.js,3 substantive duplicate implementation groups exist across the same files.,absolute,current
session_20260817_014141/T3,session_20260817_014141,T3,3,codex,minimal,backend,BE-ERR-C-002-throw-only-app-exception,ERR,backend/src/modules/deal/deal.service.ts,Service failures must use the project AppException.,run_local,introduced
session_20260817_014141/T3,session_20260817_014141,T3,3,codex,minimal,backend,BE-ERR-C-002-throw-only-app-exception,ERR,backend/src/modules/deal/deal.service.ts,Service failures must use the project AppException.,run_local,introduced
session_20260817_014141/T3,session_20260817_014141,T3,3,codex,minimal,backend,BE-ERR-C-002-throw-only-app-exception,ERR,backend/src/modules/deal/deal.service.ts,Service failures must use the project AppException.,run_local,introduced
session_20260817_014141/T3,session_20260817_014141,T3,3,codex,minimal,backend,BE-ERR-C-002-throw-only-app-exception,ERR,backend/src/modules/deal/deal.service.ts,Service failures must use the project AppException.,run_local,introduced
session_20260817_014141/T3,session_20260817_014141,T3,3,codex,minimal,backend,BE-ERR-C-002-throw-only-app-exception,ERR,backend/src/modules/deal/deal.service.ts,Service failures must use the project AppException.,run_local,introduced
session_20260817_014141/T3,session_20260817_014141,T3,3,codex,minimal,backend,BE-ERR-C-002-throw-only-app-exception,ERR,backend/src/modules/deal/deal.service.ts,Service failures must use the project AppException.,run_local,introduced
session_20260817_014141/T3,session_20260817_014141,T3,3,codex,minimal,backend,BE-DUP-C-003-no-equivalent-production-code,DUP,backend/src/modules/deal/deal.service.ts,Equivalent production functions must reuse one shared implementation.,run_local,introduced
session_20260817_014141/T3,session_20260817_014141,T3,3,codex,minimal,backend,BE-DUP-C-003-no-equivalent-production-code,DUP,backend/src/modules/deal/deal.service.ts,Equivalent production functions must reuse one shared implementation.,run_local,introduced
session_20260817_014141/T3,session_20260817_014141,T3,3,codex,minimal,backend,BE-DUP-C-003-no-equivalent-production-code,DUP,backend/src/modules/deal/deal.service.ts,Equivalent production functions must reuse one shared implementation.,run_local,introduced
session_20260817_014141/T3,session_20260817_014141,T3,3,codex,minimal,frontend,FE-COM-C-001-component-file-max-lines,COM,frontend/src/pages/deals/DealForm.jsx,"React component file has 463 non-blank, non-comment lines; maximum is 300.",run_local,introduced
session_20260817_014141/T3,session_20260817_014141,T3,3,codex,minimal,frontend,FE-DUP-C-002-single-authoritative-implementation,DUP,frontend/src/pages/deals/DealDetail.jsx,component-clone logic has more than one production implementation.,run_local,introduced
session_20260817_014141/T3,session_20260817_014141,T3,3,codex,minimal,backend,BE-ERR-C-002-throw-only-app-exception,ERR,backend/src/modules/deal/deal.service.ts,Service failures must use the project AppException.,run_local,resolved
session_20260817_014141/T3,session_20260817_014141,T3,3,codex,minimal,backend,BE-CONTRACT-C-001-entity-change-requires-migration,CONTRACT,backend/src/modules/contact/contact-company-link.entity.ts,Persistent change contact_companies.createdAt lacks a matching executable migration.,run_local,resolved
session_20260817_014141/T3,session_20260817_014141,T3,3,codex,minimal,backend,BE-CONTRACT-C-001-entity-change-requires-migration,CONTRACT,backend/src/modules/contact/contact.entity.ts,Persistent change contacts.email lacks a matching executable migration.,run_local,resolved
session_20260817_014141/T3,session_20260817_014141,T3,3,codex,minimal,backend,BE-CONTRACT-C-001-entity-change-requires-migration,CONTRACT,backend/src/modules/contact/contact.entity.ts,Persistent change contacts.phone lacks a matching executable migration.,run_local,resolved
session_20260817_014141/T3,session_20260817_014141,T3,3,codex,minimal,backend,BE-CONTRACT-C-001-entity-change-requires-migration,CONTRACT,backend/src/modules/contact/contact.entity.ts,Persistent change contacts.role lacks a matching executable migration.,run_local,resolved
session_20260817_014141/T3,session_20260817_014141,T3,3,codex,minimal,backend,BE-CONTRACT-C-001-entity-change-requires-migration,CONTRACT,backend/src/modules/contact/contact.entity.ts,Persistent change contacts.deletedAt lacks a matching executable migration.,run_local,resolved
session_20260817_014141/T3,session_20260817_014141,T3,3,codex,minimal,backend,BE-CONTRACT-C-001-entity-change-requires-migration,CONTRACT,backend/src/modules/contact/contact.entity.ts,Persistent change contacts.lastContactedAt lacks a matching executable migration.,run_local,resolved
session_20260817_014141/T3,session_20260817_014141,T3,3,codex,minimal,backend,BE-CONTRACT-C-001-entity-change-requires-migration,CONTRACT,backend/src/modules/deal/deal-contact-link.entity.ts,Persistent change deal_contacts.role lacks a matching executable migration.,run_local,resolved
session_20260817_014141/T3,session_20260817_014141,T3,3,codex,minimal,backend,BE-CONTRACT-C-001-entity-change-requires-migration,CONTRACT,backend/src/modules/deal/deal-contact-link.entity.ts,Persistent change deal_contacts.createdAt lacks a matching executable migration.,run_local,resolved
session_20260817_014141/T3,session_20260817_014141,T3,3,codex,minimal,backend,BE-DUP-C-003-no-equivalent-production-code,DUP,backend/src/modules/deal/deal.service.ts,Equivalent production functions must reuse one shared implementation.,run_local,resolved
session_20260817_014141/T3,session_20260817_014141,T3,3,codex,minimal,backend,BE-DUP-C-003-no-equivalent-production-code,DUP,backend/src/modules/deal/deal.service.ts,Equivalent production functions must reuse one shared implementation.,run_local,resolved
session_20260817_014141/T3,session_20260817_014141,T3,3,codex,minimal,backend,BE-DUP-C-003-no-equivalent-production-code,DUP,backend/src/modules/deal/deal.service.ts,Equivalent production functions must reuse one shared implementation.,run_local,resolved
session_20260817_014141/T3,session_20260817_014141,T3,3,codex,minimal,frontend,FE-COM-C-001-component-file-max-lines,COM,frontend/src/pages/deals/DealForm.jsx,"React component file has 368 non-blank, non-comment lines; maximum is 300.",run_local,resolved
session_20260817_014141/T3,session_20260817_014141,T3,3,codex,minimal,frontend,FE-DUP-C-002-single-authoritative-implementation,DUP,frontend/src/pages/deals/DealDetail.jsx,component-clone logic has more than one production implementation.,run_local,resolved
session_20260817_014141/T3,session_20260817_014141,T3,3,codex,minimal,backend,BE-DOM-C-001-no-cross-module-deep-import,DOM,backend/src/modules/deal/deal.service.ts,Cross-module imports must use index.ts or the target module file.,trajectory_cumulative,introduced
session_20260817_014141/T3,session_20260817_014141,T3,3,codex,minimal,backend,BE-DOM-C-001-no-cross-module-deep-import,DOM,backend/src/modules/deal/deal.service.ts,Cross-module imports must use index.ts or the target module file.,trajectory_cumulative,introduced
session_20260817_014141/T3,session_20260817_014141,T3,3,codex,minimal,backend,BE-ERR-C-002-throw-only-app-exception,ERR,backend/src/modules/contact/contact.service.ts,Service failures must use the project AppException.,trajectory_cumulative,introduced
session_20260817_014141/T3,session_20260817_014141,T3,3,codex,minimal,backend,BE-ERR-C-002-throw-only-app-exception,ERR,backend/src/modules/contact/contact.service.ts,Service failures must use the project AppException.,trajectory_cumulative,introduced
session_20260817_014141/T3,session_20260817_014141,T3,3,codex,minimal,backend,BE-ERR-C-002-throw-only-app-exception,ERR,backend/src/modules/contact/contact.service.ts,Service failures must use the project AppException.,trajectory_cumulative,introduced
session_20260817_014141/T3,session_20260817_014141,T3,3,codex,minimal,backend,BE-ERR-C-002-throw-only-app-exception,ERR,backend/src/modules/contact/contact.service.ts,Service failures must use the project AppException.,trajectory_cumulative,introduced
session_20260817_014141/T3,session_20260817_014141,T3,3,codex,minimal,backend,BE-ERR-C-002-throw-only-app-exception,ERR,backend/src/modules/contact/contact.service.ts,Service failures must use the project AppException.,trajectory_cumulative,introduced
session_20260817_014141/T3,session_20260817_014141,T3,3,codex,minimal,backend,BE-ERR-C-002-throw-only-app-exception,ERR,backend/src/modules/contact/contact.service.ts,Service failures must use the project AppException.,trajectory_cumulative,introduced
session_20260817_014141/T3,session_20260817_014141,T3,3,codex,minimal,backend,BE-ERR-C-002-throw-only-app-exception,ERR,backend/src/modules/deal/deal.service.ts,Service failures must use the project AppException.,trajectory_cumulative,introduced
session_20260817_014141/T3,session_20260817_014141,T3,3,codex,minimal,backend,BE-ERR-C-002-throw-only-app-exception,ERR,backend/src/modules/deal/deal.service.ts,Service failures must use the project AppException.,trajectory_cumulative,introduced
session_20260817_014141/T3,session_20260817_014141,T3,3,codex,minimal,backend,BE-ERR-C-002-throw-only-app-exception,ERR,backend/src/modules/deal/deal.service.ts,Service failures must use the project AppException.,trajectory_cumulative,introduced
session_20260817_014141/T3,session_20260817_014141,T3,3,codex,minimal,backend,BE-ERR-C-002-throw-only-app-exception,ERR,backend/src/modules/deal/deal.service.ts,Service failures must use the project AppException.,trajectory_cumulative,introduced
session_20260817_014141/T3,session_20260817_014141,T3,3,codex,minimal,backend,BE-ERR-C-002-throw-only-app-exception,ERR,backend/src/modules/deal/deal.service.ts,Service failures must use the project AppException.,trajectory_cumulative,introduced
session_20260817_014141/T3,session_20260817_014141,T3,3,codex,minimal,backend,BE-ERR-C-002-throw-only-app-exception,ERR,backend/src/modules/deal/deal.service.ts,Service failures must use the project AppException.,trajectory_cumulative,introduced
session_20260817_014141/T3,session_20260817_014141,T3,3,codex,minimal,backend,BE-DUP-C-003-no-equivalent-production-code,DUP,backend/src/modules/deal/deal.service.ts,Equivalent production functions must reuse one shared implementation.,trajectory_cumulative,introduced
session_20260817_014141/T3,session_20260817_014141,T3,3,codex,minimal,backend,BE-DUP-C-003-no-equivalent-production-code,DUP,backend/src/modules/deal/deal.service.ts,Equivalent production functions must reuse one shared implementation.,trajectory_cumulative,introduced
session_20260817_014141/T3,session_20260817_014141,T3,3,codex,minimal,backend,BE-DUP-C-003-no-equivalent-production-code,DUP,backend/src/modules/deal/deal.service.ts,Equivalent production functions must reuse one shared implementation.,trajectory_cumulative,introduced
session_20260817_014141/T3,session_20260817_014141,T3,3,codex,minimal,frontend,FE-COM-C-001-component-file-max-lines,COM,frontend/src/pages/deals/DealForm.jsx,"React component file has 463 non-blank, non-comment lines; maximum is 300.",trajectory_cumulative,introduced
session_20260817_014141/T3,session_20260817_014141,T3,3,codex,minimal,frontend,FE-DUP-C-002-single-authoritative-implementation,DUP,frontend/src/pages/contacts/ContactTable.jsx,component-clone logic has more than one production implementation.,trajectory_cumulative,introduced
session_20260817_014141/T3,session_20260817_014141,T3,3,codex,minimal,frontend,FE-DUP-C-002-single-authoritative-implementation,DUP,frontend/src/pages/deals/DealDetail.jsx,component-clone logic has more than one production implementation.,trajectory_cumulative,introduced
session_20260817_014141/T3,session_20260817_014141,T3,3,codex,minimal,frontend,FE-DUP-C-002-single-authoritative-implementation,DUP,frontend/src/pages/deals/dealQueries.js,function-clone logic has more than one production implementation.,trajectory_cumulative,introduced
session_20260817_014141/T3,session_20260817_014141,T3,3,codex,minimal,frontend,FE-DUP-C-002-single-authoritative-implementation,DUP,frontend/src/pages/deals/dealQueries.js,3 substantive duplicate implementation groups exist across the same files.,trajectory_cumulative,introduced
session_20260817_014141/T3,session_20260817_014141,T3,3,codex,minimal,frontend,FE-DUP-C-002-single-authoritative-implementation,DUP,frontend/src/pages/contacts/ContactTable.jsx,component-clone logic has more than one production implementation.,trajectory_cumulative,resolved
session_20260817_031026/T1,session_20260817_031026,T1,1,codex,structured,backend,BE-ERR-C-002-throw-only-app-exception,ERR,backend/src/modules/deal/deal.service.ts,Service failures must use the project AppException.,absolute,current
session_20260817_031026/T1,session_20260817_031026,T1,1,codex,structured,backend,BE-ERR-C-002-throw-only-app-exception,ERR,backend/src/modules/deal/deal.service.ts,Service failures must use the project AppException.,absolute,current
session_20260817_031026/T1,session_20260817_031026,T1,1,codex,structured,backend,BE-ERR-C-002-throw-only-app-exception,ERR,backend/src/modules/deal/deal.service.ts,Service failures must use the project AppException.,absolute,current
session_20260817_031026/T1,session_20260817_031026,T1,1,codex,structured,backend,BE-ERR-C-002-throw-only-app-exception,ERR,backend/src/modules/deal/deal.service.ts,Service failures must use the project AppException.,absolute,current
session_20260817_031026/T1,session_20260817_031026,T1,1,codex,structured,backend,BE-CONTRACT-C-001-entity-change-requires-migration,CONTRACT,backend/src/modules/deal/deal.entity.ts,Persistent change deals.name lacks a matching executable migration.,absolute,current
session_20260817_031026/T1,session_20260817_031026,T1,1,codex,structured,backend,BE-CONTRACT-C-001-entity-change-requires-migration,CONTRACT,backend/src/modules/deal/deal.entity.ts,Persistent change deals.value lacks a matching executable migration.,absolute,current
session_20260817_031026/T1,session_20260817_031026,T1,1,codex,structured,backend,BE-CONTRACT-C-001-entity-change-requires-migration,CONTRACT,backend/src/modules/deal/deal.entity.ts,Persistent change deals.expectedCloseDate lacks a matching executable migration.,absolute,current
session_20260817_031026/T1,session_20260817_031026,T1,1,codex,structured,backend,BE-CONTRACT-C-001-entity-change-requires-migration,CONTRACT,backend/src/modules/deal/deal.entity.ts,Persistent change deals.createdAt lacks a matching executable migration.,absolute,current
session_20260817_031026/T1,session_20260817_031026,T1,1,codex,structured,backend,BE-CONTRACT-C-001-entity-change-requires-migration,CONTRACT,backend/src/modules/deal/deal.entity.ts,Persistent change deals.updatedAt lacks a matching executable migration.,absolute,current
session_20260817_031026/T1,session_20260817_031026,T1,1,codex,structured,backend,BE-CONTRACT-C-001-entity-change-requires-migration,CONTRACT,backend/src/modules/deal/deal.entity.ts,Persistent change deals.deletedAt lacks a matching executable migration.,absolute,current
session_20260817_031026/T1,session_20260817_031026,T1,1,codex,structured,frontend,FE-STATE-C-002-context-provider-only-in-controlled-locations,STATE,frontend/src/themes/index.jsx,Context providers must stay at an approved application or route boundary.,absolute,current
session_20260817_031026/T1,session_20260817_031026,T1,1,codex,structured,frontend,FE-STATE-C-002-context-provider-only-in-controlled-locations,STATE,frontend/src/themes/index.jsx,Context providers must stay at an approved application or route boundary.,absolute,current
session_20260817_031026/T1,session_20260817_031026,T1,1,codex,structured,frontend,FE-DUP-C-002-single-authoritative-implementation,DUP,frontend/src/layout/components/Navbar/HeaderContent/Notification.jsx,function-clone logic has more than one production implementation.,absolute,current
session_20260817_031026/T1,session_20260817_031026,T1,1,codex,structured,frontend,FE-DUP-C-002-single-authoritative-implementation,DUP,frontend/src/pages/contacts/contactQueries.js,3 substantive duplicate implementation groups exist across the same files.,absolute,current
session_20260817_031026/T1,session_20260817_031026,T1,1,codex,structured,frontend,FE-DUP-C-002-single-authoritative-implementation,DUP,frontend/src/pages/contacts/ContactTable.jsx,component-clone logic has more than one production implementation.,absolute,current
session_20260817_031026/T1,session_20260817_031026,T1,1,codex,structured,frontend,FE-DUP-C-002-single-authoritative-implementation,DUP,frontend/src/pages/deals/DealDetail.jsx,component-clone logic has more than one production implementation.,absolute,current
session_20260817_031026/T1,session_20260817_031026,T1,1,codex,structured,frontend,FE-DUP-C-002-single-authoritative-implementation,DUP,frontend/src/pages/deals/dealQueries.js,function-clone logic has more than one production implementation.,absolute,current
session_20260817_031026/T1,session_20260817_031026,T1,1,codex,structured,frontend,FE-DUP-C-002-single-authoritative-implementation,DUP,frontend/src/pages/deals/dealQueries.js,2 substantive duplicate implementation groups exist across the same files.,absolute,current
session_20260817_031026/T1,session_20260817_031026,T1,1,codex,structured,frontend,FE-DUP-C-002-single-authoritative-implementation,DUP,frontend/src/pages/deals/DealTable.jsx,function-clone logic has more than one production implementation.,absolute,current
session_20260817_031026/T1,session_20260817_031026,T1,1,codex,structured,backend,BE-ERR-C-002-throw-only-app-exception,ERR,backend/src/modules/deal/deal.service.ts,Service failures must use the project AppException.,run_local,introduced
session_20260817_031026/T1,session_20260817_031026,T1,1,codex,structured,backend,BE-ERR-C-002-throw-only-app-exception,ERR,backend/src/modules/deal/deal.service.ts,Service failures must use the project AppException.,run_local,introduced
session_20260817_031026/T1,session_20260817_031026,T1,1,codex,structured,backend,BE-ERR-C-002-throw-only-app-exception,ERR,backend/src/modules/deal/deal.service.ts,Service failures must use the project AppException.,run_local,introduced
session_20260817_031026/T1,session_20260817_031026,T1,1,codex,structured,backend,BE-ERR-C-002-throw-only-app-exception,ERR,backend/src/modules/deal/deal.service.ts,Service failures must use the project AppException.,run_local,introduced
session_20260817_031026/T1,session_20260817_031026,T1,1,codex,structured,backend,BE-CONTRACT-C-001-entity-change-requires-migration,CONTRACT,backend/src/modules/deal/deal.entity.ts,Persistent change deals.name lacks a matching executable migration.,run_local,introduced
session_20260817_031026/T1,session_20260817_031026,T1,1,codex,structured,backend,BE-CONTRACT-C-001-entity-change-requires-migration,CONTRACT,backend/src/modules/deal/deal.entity.ts,Persistent change deals.value lacks a matching executable migration.,run_local,introduced
session_20260817_031026/T1,session_20260817_031026,T1,1,codex,structured,backend,BE-CONTRACT-C-001-entity-change-requires-migration,CONTRACT,backend/src/modules/deal/deal.entity.ts,Persistent change deals.expectedCloseDate lacks a matching executable migration.,run_local,introduced
session_20260817_031026/T1,session_20260817_031026,T1,1,codex,structured,backend,BE-CONTRACT-C-001-entity-change-requires-migration,CONTRACT,backend/src/modules/deal/deal.entity.ts,Persistent change deals.createdAt lacks a matching executable migration.,run_local,introduced
session_20260817_031026/T1,session_20260817_031026,T1,1,codex,structured,backend,BE-CONTRACT-C-001-entity-change-requires-migration,CONTRACT,backend/src/modules/deal/deal.entity.ts,Persistent change deals.updatedAt lacks a matching executable migration.,run_local,introduced
session_20260817_031026/T1,session_20260817_031026,T1,1,codex,structured,backend,BE-CONTRACT-C-001-entity-change-requires-migration,CONTRACT,backend/src/modules/deal/deal.entity.ts,Persistent change deals.deletedAt lacks a matching executable migration.,run_local,introduced
session_20260817_031026/T1,session_20260817_031026,T1,1,codex,structured,frontend,FE-DUP-C-002-single-authoritative-implementation,DUP,frontend/src/pages/deals/DealDetail.jsx,component-clone logic has more than one production implementation.,run_local,introduced
session_20260817_031026/T1,session_20260817_031026,T1,1,codex,structured,frontend,FE-DUP-C-002-single-authoritative-implementation,DUP,frontend/src/pages/deals/dealQueries.js,function-clone logic has more than one production implementation.,run_local,introduced
session_20260817_031026/T1,session_20260817_031026,T1,1,codex,structured,frontend,FE-DUP-C-002-single-authoritative-implementation,DUP,frontend/src/pages/deals/dealQueries.js,2 substantive duplicate implementation groups exist across the same files.,run_local,introduced
session_20260817_031026/T1,session_20260817_031026,T1,1,codex,structured,frontend,FE-DUP-C-002-single-authoritative-implementation,DUP,frontend/src/pages/deals/DealTable.jsx,function-clone logic has more than one production implementation.,run_local,introduced
session_20260817_031026/T1,session_20260817_031026,T1,1,codex,structured,backend,BE-ERR-C-002-throw-only-app-exception,ERR,backend/src/modules/deal/deal.service.ts,Service failures must use the project AppException.,trajectory_cumulative,introduced
session_20260817_031026/T1,session_20260817_031026,T1,1,codex,structured,backend,BE-ERR-C-002-throw-only-app-exception,ERR,backend/src/modules/deal/deal.service.ts,Service failures must use the project AppException.,trajectory_cumulative,introduced
session_20260817_031026/T1,session_20260817_031026,T1,1,codex,structured,backend,BE-ERR-C-002-throw-only-app-exception,ERR,backend/src/modules/deal/deal.service.ts,Service failures must use the project AppException.,trajectory_cumulative,introduced
session_20260817_031026/T1,session_20260817_031026,T1,1,codex,structured,backend,BE-ERR-C-002-throw-only-app-exception,ERR,backend/src/modules/deal/deal.service.ts,Service failures must use the project AppException.,trajectory_cumulative,introduced
session_20260817_031026/T1,session_20260817_031026,T1,1,codex,structured,backend,BE-CONTRACT-C-001-entity-change-requires-migration,CONTRACT,backend/src/modules/deal/deal.entity.ts,Persistent change deals.name lacks a matching executable migration.,trajectory_cumulative,introduced
session_20260817_031026/T1,session_20260817_031026,T1,1,codex,structured,backend,BE-CONTRACT-C-001-entity-change-requires-migration,CONTRACT,backend/src/modules/deal/deal.entity.ts,Persistent change deals.value lacks a matching executable migration.,trajectory_cumulative,introduced
session_20260817_031026/T1,session_20260817_031026,T1,1,codex,structured,backend,BE-CONTRACT-C-001-entity-change-requires-migration,CONTRACT,backend/src/modules/deal/deal.entity.ts,Persistent change deals.expectedCloseDate lacks a matching executable migration.,trajectory_cumulative,introduced
session_20260817_031026/T1,session_20260817_031026,T1,1,codex,structured,backend,BE-CONTRACT-C-001-entity-change-requires-migration,CONTRACT,backend/src/modules/deal/deal.entity.ts,Persistent change deals.createdAt lacks a matching executable migration.,trajectory_cumulative,introduced
session_20260817_031026/T1,session_20260817_031026,T1,1,codex,structured,backend,BE-CONTRACT-C-001-entity-change-requires-migration,CONTRACT,backend/src/modules/deal/deal.entity.ts,Persistent change deals.updatedAt lacks a matching executable migration.,trajectory_cumulative,introduced
session_20260817_031026/T1,session_20260817_031026,T1,1,codex,structured,backend,BE-CONTRACT-C-001-entity-change-requires-migration,CONTRACT,backend/src/modules/deal/deal.entity.ts,Persistent change deals.deletedAt lacks a matching executable migration.,trajectory_cumulative,introduced
session_20260817_031026/T1,session_20260817_031026,T1,1,codex,structured,frontend,FE-DUP-C-002-single-authoritative-implementation,DUP,frontend/src/pages/deals/DealDetail.jsx,component-clone logic has more than one production implementation.,trajectory_cumulative,introduced
session_20260817_031026/T1,session_20260817_031026,T1,1,codex,structured,frontend,FE-DUP-C-002-single-authoritative-implementation,DUP,frontend/src/pages/deals/dealQueries.js,function-clone logic has more than one production implementation.,trajectory_cumulative,introduced
session_20260817_031026/T1,session_20260817_031026,T1,1,codex,structured,frontend,FE-DUP-C-002-single-authoritative-implementation,DUP,frontend/src/pages/deals/dealQueries.js,2 substantive duplicate implementation groups exist across the same files.,trajectory_cumulative,introduced
session_20260817_031026/T1,session_20260817_031026,T1,1,codex,structured,frontend,FE-DUP-C-002-single-authoritative-implementation,DUP,frontend/src/pages/deals/DealTable.jsx,function-clone logic has more than one production implementation.,trajectory_cumulative,introduced
session_20260817_031026/T2,session_20260817_031026,T2,2,codex,structured,backend,BE-ERR-C-002-throw-only-app-exception,ERR,backend/src/modules/contact/contact.service.ts,Service failures must use the project AppException.,absolute,current
session_20260817_031026/T2,session_20260817_031026,T2,2,codex,structured,backend,BE-ERR-C-002-throw-only-app-exception,ERR,backend/src/modules/contact/contact.service.ts,Service failures must use the project AppException.,absolute,current
session_20260817_031026/T2,session_20260817_031026,T2,2,codex,structured,backend,BE-ERR-C-002-throw-only-app-exception,ERR,backend/src/modules/contact/contact.service.ts,Service failures must use the project AppException.,absolute,current
session_20260817_031026/T2,session_20260817_031026,T2,2,codex,structured,backend,BE-ERR-C-002-throw-only-app-exception,ERR,backend/src/modules/contact/contact.service.ts,Service failures must use the project AppException.,absolute,current
session_20260817_031026/T2,session_20260817_031026,T2,2,codex,structured,backend,BE-ERR-C-002-throw-only-app-exception,ERR,backend/src/modules/contact/contact.service.ts,Service failures must use the project AppException.,absolute,current
session_20260817_031026/T2,session_20260817_031026,T2,2,codex,structured,backend,BE-ERR-C-002-throw-only-app-exception,ERR,backend/src/modules/contact/contact.service.ts,Service failures must use the project AppException.,absolute,current
session_20260817_031026/T2,session_20260817_031026,T2,2,codex,structured,backend,BE-ERR-C-002-throw-only-app-exception,ERR,backend/src/modules/contact/contact.service.ts,Service failures must use the project AppException.,absolute,current
session_20260817_031026/T2,session_20260817_031026,T2,2,codex,structured,backend,BE-ERR-C-002-throw-only-app-exception,ERR,backend/src/modules/contact/contact.service.ts,Service failures must use the project AppException.,absolute,current
session_20260817_031026/T2,session_20260817_031026,T2,2,codex,structured,backend,BE-ERR-C-002-throw-only-app-exception,ERR,backend/src/modules/contact/contact.service.ts,Service failures must use the project AppException.,absolute,current
session_20260817_031026/T2,session_20260817_031026,T2,2,codex,structured,backend,BE-ERR-C-002-throw-only-app-exception,ERR,backend/src/modules/contact/contact.service.ts,Service failures must use the project AppException.,absolute,current
session_20260817_031026/T2,session_20260817_031026,T2,2,codex,structured,backend,BE-ERR-C-002-throw-only-app-exception,ERR,backend/src/modules/contact/contact.service.ts,Service failures must use the project AppException.,absolute,current
session_20260817_031026/T2,session_20260817_031026,T2,2,codex,structured,backend,BE-ERR-C-002-throw-only-app-exception,ERR,backend/src/modules/contact/contact.service.ts,Service failures must use the project AppException.,absolute,current
session_20260817_031026/T2,session_20260817_031026,T2,2,codex,structured,backend,BE-ERR-C-002-throw-only-app-exception,ERR,backend/src/modules/contact/contact.service.ts,Service failures must use the project AppException.,absolute,current
session_20260817_031026/T2,session_20260817_031026,T2,2,codex,structured,backend,BE-ERR-C-002-throw-only-app-exception,ERR,backend/src/modules/deal/deal.service.ts,Service failures must use the project AppException.,absolute,current
session_20260817_031026/T2,session_20260817_031026,T2,2,codex,structured,backend,BE-ERR-C-002-throw-only-app-exception,ERR,backend/src/modules/deal/deal.service.ts,Service failures must use the project AppException.,absolute,current
session_20260817_031026/T2,session_20260817_031026,T2,2,codex,structured,backend,BE-ERR-C-002-throw-only-app-exception,ERR,backend/src/modules/deal/deal.service.ts,Service failures must use the project AppException.,absolute,current
session_20260817_031026/T2,session_20260817_031026,T2,2,codex,structured,backend,BE-ERR-C-002-throw-only-app-exception,ERR,backend/src/modules/deal/deal.service.ts,Service failures must use the project AppException.,absolute,current
session_20260817_031026/T2,session_20260817_031026,T2,2,codex,structured,backend,BE-ERR-C-002-throw-only-app-exception,ERR,backend/src/modules/deal/deal.service.ts,Service failures must use the project AppException.,absolute,current
session_20260817_031026/T2,session_20260817_031026,T2,2,codex,structured,backend,BE-ERR-C-002-throw-only-app-exception,ERR,backend/src/modules/deal/deal.service.ts,Service failures must use the project AppException.,absolute,current
session_20260817_031026/T2,session_20260817_031026,T2,2,codex,structured,backend,BE-CONTRACT-C-001-entity-change-requires-migration,CONTRACT,backend/src/modules/contact/contact.entity.ts,Persistent change contacts.email lacks a matching executable migration.,absolute,current
session_20260817_031026/T2,session_20260817_031026,T2,2,codex,structured,backend,BE-CONTRACT-C-001-entity-change-requires-migration,CONTRACT,backend/src/modules/contact/contact.entity.ts,Persistent change contacts.phone lacks a matching executable migration.,absolute,current
session_20260817_031026/T2,session_20260817_031026,T2,2,codex,structured,backend,BE-CONTRACT-C-001-entity-change-requires-migration,CONTRACT,backend/src/modules/contact/contact.entity.ts,Persistent change contacts.role lacks a matching executable migration.,absolute,current
session_20260817_031026/T2,session_20260817_031026,T2,2,codex,structured,backend,BE-CONTRACT-C-001-entity-change-requires-migration,CONTRACT,backend/src/modules/contact/contact.entity.ts,Persistent change contacts.deletedAt lacks a matching executable migration.,absolute,current
session_20260817_031026/T2,session_20260817_031026,T2,2,codex,structured,backend,BE-CONTRACT-C-001-entity-change-requires-migration,CONTRACT,backend/src/modules/contact/contact.entity.ts,Persistent change contacts.lastContactedAt lacks a matching executable migration.,absolute,current
session_20260817_031026/T2,session_20260817_031026,T2,2,codex,structured,backend,BE-CONTRACT-C-001-entity-change-requires-migration,CONTRACT,backend/src/modules/deal/deal-contact-link.entity.ts,Persistent change deal_contact_links.dealId lacks a matching executable migration.,absolute,current
session_20260817_031026/T2,session_20260817_031026,T2,2,codex,structured,backend,BE-CONTRACT-C-001-entity-change-requires-migration,CONTRACT,backend/src/modules/deal/deal-contact-link.entity.ts,Persistent change deal_contact_links.contactId lacks a matching executable migration.,absolute,current
session_20260817_031026/T2,session_20260817_031026,T2,2,codex,structured,backend,BE-CONTRACT-C-001-entity-change-requires-migration,CONTRACT,backend/src/modules/deal/deal-contact-link.entity.ts,Persistent change deal_contact_links.role lacks a matching executable migration.,absolute,current
session_20260817_031026/T2,session_20260817_031026,T2,2,codex,structured,backend,BE-CONTRACT-C-001-entity-change-requires-migration,CONTRACT,backend/src/modules/deal/deal-contact-link.entity.ts,Persistent change deal_contact_links.createdAt lacks a matching executable migration.,absolute,current
session_20260817_031026/T2,session_20260817_031026,T2,2,codex,structured,backend,BE-CONTRACT-C-001-entity-change-requires-migration,CONTRACT,backend/src/modules/deal/deal-contact-link.entity.ts,Persistent change deal_contact_links.updatedAt lacks a matching executable migration.,absolute,current
session_20260817_031026/T2,session_20260817_031026,T2,2,codex,structured,backend,BE-DUP-C-002-single-policy-implementation,DUP,backend/src/modules/deal/deal.service.ts,Policy createValidationException has more than one authoritative implementation.,absolute,current
session_20260817_031026/T2,session_20260817_031026,T2,2,codex,structured,backend,BE-DUP-C-003-no-equivalent-production-code,DUP,backend/src/modules/deal/deal.service.ts,Equivalent production functions must reuse one shared implementation.,absolute,current
session_20260817_031026/T2,session_20260817_031026,T2,2,codex,structured,backend,BE-DUP-C-003-no-equivalent-production-code,DUP,backend/src/modules/deal/deal.service.ts,Equivalent production functions must reuse one shared implementation.,absolute,current
session_20260817_031026/T2,session_20260817_031026,T2,2,codex,structured,backend,BE-DUP-C-003-no-equivalent-production-code,DUP,backend/src/modules/deal/deal.service.ts,Equivalent production functions must reuse one shared implementation.,absolute,current
session_20260817_031026/T2,session_20260817_031026,T2,2,codex,structured,backend,BE-DUP-C-003-no-equivalent-production-code,DUP,backend/src/modules/deal/deal.service.ts,Equivalent production functions must reuse one shared implementation.,absolute,current
session_20260817_031026/T2,session_20260817_031026,T2,2,codex,structured,frontend,FE-COM-C-001-component-file-max-lines,COM,frontend/src/pages/contacts/ContactForm.jsx,"React component file has 328 non-blank, non-comment lines; maximum is 300.",absolute,current
session_20260817_031026/T2,session_20260817_031026,T2,2,codex,structured,frontend,FE-COM-C-001-component-file-max-lines,COM,frontend/src/pages/deals/DealForm.jsx,"React component file has 465 non-blank, non-comment lines; maximum is 300.",absolute,current
session_20260817_031026/T2,session_20260817_031026,T2,2,codex,structured,frontend,FE-STATE-C-002-context-provider-only-in-controlled-locations,STATE,frontend/src/themes/index.jsx,Context providers must stay at an approved application or route boundary.,absolute,current
session_20260817_031026/T2,session_20260817_031026,T2,2,codex,structured,frontend,FE-STATE-C-002-context-provider-only-in-controlled-locations,STATE,frontend/src/themes/index.jsx,Context providers must stay at an approved application or route boundary.,absolute,current
session_20260817_031026/T2,session_20260817_031026,T2,2,codex,structured,frontend,FE-DUP-C-002-single-authoritative-implementation,DUP,frontend/src/layout/components/Navbar/HeaderContent/Notification.jsx,function-clone logic has more than one production implementation.,absolute,current
session_20260817_031026/T2,session_20260817_031026,T2,2,codex,structured,frontend,FE-DUP-C-002-single-authoritative-implementation,DUP,frontend/src/pages/contacts/ContactDetail.jsx,component-clone logic has more than one production implementation.,absolute,current
session_20260817_031026/T2,session_20260817_031026,T2,2,codex,structured,frontend,FE-DUP-C-002-single-authoritative-implementation,DUP,frontend/src/pages/contacts/contactQueries.js,3 substantive duplicate implementation groups exist across the same files.,absolute,current
session_20260817_031026/T2,session_20260817_031026,T2,2,codex,structured,frontend,FE-DUP-C-002-single-authoritative-implementation,DUP,frontend/src/pages/contacts/ContactTable.jsx,component-clone logic has more than one production implementation.,absolute,current
session_20260817_031026/T2,session_20260817_031026,T2,2,codex,structured,frontend,FE-DUP-C-002-single-authoritative-implementation,DUP,frontend/src/pages/deals/dealQueries.js,function-clone logic has more than one production implementation.,absolute,current
session_20260817_031026/T2,session_20260817_031026,T2,2,codex,structured,frontend,FE-DUP-C-002-single-authoritative-implementation,DUP,frontend/src/pages/deals/dealQueries.js,2 substantive duplicate implementation groups exist across the same files.,absolute,current
session_20260817_031026/T2,session_20260817_031026,T2,2,codex,structured,frontend,FE-DUP-C-002-single-authoritative-implementation,DUP,frontend/src/pages/deals/DealTable.jsx,function-clone logic has more than one production implementation.,absolute,current
session_20260817_031026/T2,session_20260817_031026,T2,2,codex,structured,backend,BE-ERR-C-002-throw-only-app-exception,ERR,backend/src/modules/contact/contact.service.ts,Service failures must use the project AppException.,run_local,introduced
session_20260817_031026/T2,session_20260817_031026,T2,2,codex,structured,backend,BE-ERR-C-002-throw-only-app-exception,ERR,backend/src/modules/contact/contact.service.ts,Service failures must use the project AppException.,run_local,introduced
session_20260817_031026/T2,session_20260817_031026,T2,2,codex,structured,backend,BE-ERR-C-002-throw-only-app-exception,ERR,backend/src/modules/contact/contact.service.ts,Service failures must use the project AppException.,run_local,introduced
session_20260817_031026/T2,session_20260817_031026,T2,2,codex,structured,backend,BE-ERR-C-002-throw-only-app-exception,ERR,backend/src/modules/contact/contact.service.ts,Service failures must use the project AppException.,run_local,introduced
session_20260817_031026/T2,session_20260817_031026,T2,2,codex,structured,backend,BE-ERR-C-002-throw-only-app-exception,ERR,backend/src/modules/contact/contact.service.ts,Service failures must use the project AppException.,run_local,introduced
session_20260817_031026/T2,session_20260817_031026,T2,2,codex,structured,backend,BE-ERR-C-002-throw-only-app-exception,ERR,backend/src/modules/contact/contact.service.ts,Service failures must use the project AppException.,run_local,introduced
session_20260817_031026/T2,session_20260817_031026,T2,2,codex,structured,backend,BE-ERR-C-002-throw-only-app-exception,ERR,backend/src/modules/contact/contact.service.ts,Service failures must use the project AppException.,run_local,introduced
session_20260817_031026/T2,session_20260817_031026,T2,2,codex,structured,backend,BE-ERR-C-002-throw-only-app-exception,ERR,backend/src/modules/contact/contact.service.ts,Service failures must use the project AppException.,run_local,introduced
session_20260817_031026/T2,session_20260817_031026,T2,2,codex,structured,backend,BE-ERR-C-002-throw-only-app-exception,ERR,backend/src/modules/contact/contact.service.ts,Service failures must use the project AppException.,run_local,introduced
session_20260817_031026/T2,session_20260817_031026,T2,2,codex,structured,backend,BE-ERR-C-002-throw-only-app-exception,ERR,backend/src/modules/contact/contact.service.ts,Service failures must use the project AppException.,run_local,introduced
session_20260817_031026/T2,session_20260817_031026,T2,2,codex,structured,backend,BE-ERR-C-002-throw-only-app-exception,ERR,backend/src/modules/contact/contact.service.ts,Service failures must use the project AppException.,run_local,introduced
session_20260817_031026/T2,session_20260817_031026,T2,2,codex,structured,backend,BE-ERR-C-002-throw-only-app-exception,ERR,backend/src/modules/contact/contact.service.ts,Service failures must use the project AppException.,run_local,introduced
session_20260817_031026/T2,session_20260817_031026,T2,2,codex,structured,backend,BE-ERR-C-002-throw-only-app-exception,ERR,backend/src/modules/contact/contact.service.ts,Service failures must use the project AppException.,run_local,introduced
session_20260817_031026/T2,session_20260817_031026,T2,2,codex,structured,backend,BE-ERR-C-002-throw-only-app-exception,ERR,backend/src/modules/deal/deal.service.ts,Service failures must use the project AppException.,run_local,introduced
session_20260817_031026/T2,session_20260817_031026,T2,2,codex,structured,backend,BE-ERR-C-002-throw-only-app-exception,ERR,backend/src/modules/deal/deal.service.ts,Service failures must use the project AppException.,run_local,introduced
session_20260817_031026/T2,session_20260817_031026,T2,2,codex,structured,backend,BE-ERR-C-002-throw-only-app-exception,ERR,backend/src/modules/deal/deal.service.ts,Service failures must use the project AppException.,run_local,introduced
session_20260817_031026/T2,session_20260817_031026,T2,2,codex,structured,backend,BE-ERR-C-002-throw-only-app-exception,ERR,backend/src/modules/deal/deal.service.ts,Service failures must use the project AppException.,run_local,introduced
session_20260817_031026/T2,session_20260817_031026,T2,2,codex,structured,backend,BE-ERR-C-002-throw-only-app-exception,ERR,backend/src/modules/deal/deal.service.ts,Service failures must use the project AppException.,run_local,introduced
session_20260817_031026/T2,session_20260817_031026,T2,2,codex,structured,backend,BE-ERR-C-002-throw-only-app-exception,ERR,backend/src/modules/deal/deal.service.ts,Service failures must use the project AppException.,run_local,introduced
session_20260817_031026/T2,session_20260817_031026,T2,2,codex,structured,backend,BE-CONTRACT-C-001-entity-change-requires-migration,CONTRACT,backend/src/modules/contact/contact.entity.ts,Persistent change contacts.email lacks a matching executable migration.,run_local,introduced
session_20260817_031026/T2,session_20260817_031026,T2,2,codex,structured,backend,BE-CONTRACT-C-001-entity-change-requires-migration,CONTRACT,backend/src/modules/contact/contact.entity.ts,Persistent change contacts.phone lacks a matching executable migration.,run_local,introduced
session_20260817_031026/T2,session_20260817_031026,T2,2,codex,structured,backend,BE-CONTRACT-C-001-entity-change-requires-migration,CONTRACT,backend/src/modules/contact/contact.entity.ts,Persistent change contacts.role lacks a matching executable migration.,run_local,introduced
session_20260817_031026/T2,session_20260817_031026,T2,2,codex,structured,backend,BE-CONTRACT-C-001-entity-change-requires-migration,CONTRACT,backend/src/modules/contact/contact.entity.ts,Persistent change contacts.deletedAt lacks a matching executable migration.,run_local,introduced
session_20260817_031026/T2,session_20260817_031026,T2,2,codex,structured,backend,BE-CONTRACT-C-001-entity-change-requires-migration,CONTRACT,backend/src/modules/contact/contact.entity.ts,Persistent change contacts.lastContactedAt lacks a matching executable migration.,run_local,introduced
session_20260817_031026/T2,session_20260817_031026,T2,2,codex,structured,backend,BE-CONTRACT-C-001-entity-change-requires-migration,CONTRACT,backend/src/modules/deal/deal-contact-link.entity.ts,Persistent change deal_contact_links.dealId lacks a matching executable migration.,run_local,introduced
session_20260817_031026/T2,session_20260817_031026,T2,2,codex,structured,backend,BE-CONTRACT-C-001-entity-change-requires-migration,CONTRACT,backend/src/modules/deal/deal-contact-link.entity.ts,Persistent change deal_contact_links.contactId lacks a matching executable migration.,run_local,introduced
session_20260817_031026/T2,session_20260817_031026,T2,2,codex,structured,backend,BE-CONTRACT-C-001-entity-change-requires-migration,CONTRACT,backend/src/modules/deal/deal-contact-link.entity.ts,Persistent change deal_contact_links.role lacks a matching executable migration.,run_local,introduced
session_20260817_031026/T2,session_20260817_031026,T2,2,codex,structured,backend,BE-CONTRACT-C-001-entity-change-requires-migration,CONTRACT,backend/src/modules/deal/deal-contact-link.entity.ts,Persistent change deal_contact_links.createdAt lacks a matching executable migration.,run_local,introduced
session_20260817_031026/T2,session_20260817_031026,T2,2,codex,structured,backend,BE-CONTRACT-C-001-entity-change-requires-migration,CONTRACT,backend/src/modules/deal/deal-contact-link.entity.ts,Persistent change deal_contact_links.updatedAt lacks a matching executable migration.,run_local,introduced
session_20260817_031026/T2,session_20260817_031026,T2,2,codex,structured,backend,BE-DUP-C-002-single-policy-implementation,DUP,backend/src/modules/deal/deal.service.ts,Policy createValidationException has more than one authoritative implementation.,run_local,introduced
session_20260817_031026/T2,session_20260817_031026,T2,2,codex,structured,backend,BE-DUP-C-003-no-equivalent-production-code,DUP,backend/src/modules/deal/deal.service.ts,Equivalent production functions must reuse one shared implementation.,run_local,introduced
session_20260817_031026/T2,session_20260817_031026,T2,2,codex,structured,backend,BE-DUP-C-003-no-equivalent-production-code,DUP,backend/src/modules/deal/deal.service.ts,Equivalent production functions must reuse one shared implementation.,run_local,introduced
session_20260817_031026/T2,session_20260817_031026,T2,2,codex,structured,backend,BE-DUP-C-003-no-equivalent-production-code,DUP,backend/src/modules/deal/deal.service.ts,Equivalent production functions must reuse one shared implementation.,run_local,introduced
session_20260817_031026/T2,session_20260817_031026,T2,2,codex,structured,backend,BE-DUP-C-003-no-equivalent-production-code,DUP,backend/src/modules/deal/deal.service.ts,Equivalent production functions must reuse one shared implementation.,run_local,introduced
session_20260817_031026/T2,session_20260817_031026,T2,2,codex,structured,frontend,FE-COM-C-001-component-file-max-lines,COM,frontend/src/pages/contacts/ContactForm.jsx,"React component file has 328 non-blank, non-comment lines; maximum is 300.",run_local,introduced
session_20260817_031026/T2,session_20260817_031026,T2,2,codex,structured,frontend,FE-COM-C-001-component-file-max-lines,COM,frontend/src/pages/deals/DealForm.jsx,"React component file has 465 non-blank, non-comment lines; maximum is 300.",run_local,introduced
session_20260817_031026/T2,session_20260817_031026,T2,2,codex,structured,frontend,FE-DUP-C-002-single-authoritative-implementation,DUP,frontend/src/pages/contacts/ContactDetail.jsx,component-clone logic has more than one production implementation.,run_local,introduced
session_20260817_031026/T2,session_20260817_031026,T2,2,codex,structured,frontend,FE-DUP-C-002-single-authoritative-implementation,DUP,frontend/src/pages/contacts/ContactTable.jsx,component-clone logic has more than one production implementation.,run_local,introduced
session_20260817_031026/T2,session_20260817_031026,T2,2,codex,structured,backend,BE-ERR-C-002-throw-only-app-exception,ERR,backend/src/modules/deal/deal.service.ts,Service failures must use the project AppException.,run_local,resolved
session_20260817_031026/T2,session_20260817_031026,T2,2,codex,structured,backend,BE-ERR-C-002-throw-only-app-exception,ERR,backend/src/modules/deal/deal.service.ts,Service failures must use the project AppException.,run_local,resolved
session_20260817_031026/T2,session_20260817_031026,T2,2,codex,structured,backend,BE-ERR-C-002-throw-only-app-exception,ERR,backend/src/modules/deal/deal.service.ts,Service failures must use the project AppException.,run_local,resolved
session_20260817_031026/T2,session_20260817_031026,T2,2,codex,structured,backend,BE-ERR-C-002-throw-only-app-exception,ERR,backend/src/modules/deal/deal.service.ts,Service failures must use the project AppException.,run_local,resolved
session_20260817_031026/T2,session_20260817_031026,T2,2,codex,structured,backend,BE-CONTRACT-C-001-entity-change-requires-migration,CONTRACT,backend/src/modules/deal/deal.entity.ts,Persistent change deals.name lacks a matching executable migration.,run_local,resolved
session_20260817_031026/T2,session_20260817_031026,T2,2,codex,structured,backend,BE-CONTRACT-C-001-entity-change-requires-migration,CONTRACT,backend/src/modules/deal/deal.entity.ts,Persistent change deals.value lacks a matching executable migration.,run_local,resolved
session_20260817_031026/T2,session_20260817_031026,T2,2,codex,structured,backend,BE-CONTRACT-C-001-entity-change-requires-migration,CONTRACT,backend/src/modules/deal/deal.entity.ts,Persistent change deals.expectedCloseDate lacks a matching executable migration.,run_local,resolved
session_20260817_031026/T2,session_20260817_031026,T2,2,codex,structured,backend,BE-CONTRACT-C-001-entity-change-requires-migration,CONTRACT,backend/src/modules/deal/deal.entity.ts,Persistent change deals.createdAt lacks a matching executable migration.,run_local,resolved
session_20260817_031026/T2,session_20260817_031026,T2,2,codex,structured,backend,BE-CONTRACT-C-001-entity-change-requires-migration,CONTRACT,backend/src/modules/deal/deal.entity.ts,Persistent change deals.updatedAt lacks a matching executable migration.,run_local,resolved
session_20260817_031026/T2,session_20260817_031026,T2,2,codex,structured,backend,BE-CONTRACT-C-001-entity-change-requires-migration,CONTRACT,backend/src/modules/deal/deal.entity.ts,Persistent change deals.deletedAt lacks a matching executable migration.,run_local,resolved
session_20260817_031026/T2,session_20260817_031026,T2,2,codex,structured,frontend,FE-DUP-C-002-single-authoritative-implementation,DUP,frontend/src/pages/contacts/ContactTable.jsx,component-clone logic has more than one production implementation.,run_local,resolved
session_20260817_031026/T2,session_20260817_031026,T2,2,codex,structured,frontend,FE-DUP-C-002-single-authoritative-implementation,DUP,frontend/src/pages/deals/DealDetail.jsx,component-clone logic has more than one production implementation.,run_local,resolved
session_20260817_031026/T2,session_20260817_031026,T2,2,codex,structured,backend,BE-ERR-C-002-throw-only-app-exception,ERR,backend/src/modules/contact/contact.service.ts,Service failures must use the project AppException.,trajectory_cumulative,introduced
session_20260817_031026/T2,session_20260817_031026,T2,2,codex,structured,backend,BE-ERR-C-002-throw-only-app-exception,ERR,backend/src/modules/contact/contact.service.ts,Service failures must use the project AppException.,trajectory_cumulative,introduced
session_20260817_031026/T2,session_20260817_031026,T2,2,codex,structured,backend,BE-ERR-C-002-throw-only-app-exception,ERR,backend/src/modules/contact/contact.service.ts,Service failures must use the project AppException.,trajectory_cumulative,introduced
session_20260817_031026/T2,session_20260817_031026,T2,2,codex,structured,backend,BE-ERR-C-002-throw-only-app-exception,ERR,backend/src/modules/contact/contact.service.ts,Service failures must use the project AppException.,trajectory_cumulative,introduced
session_20260817_031026/T2,session_20260817_031026,T2,2,codex,structured,backend,BE-ERR-C-002-throw-only-app-exception,ERR,backend/src/modules/contact/contact.service.ts,Service failures must use the project AppException.,trajectory_cumulative,introduced
session_20260817_031026/T2,session_20260817_031026,T2,2,codex,structured,backend,BE-ERR-C-002-throw-only-app-exception,ERR,backend/src/modules/contact/contact.service.ts,Service failures must use the project AppException.,trajectory_cumulative,introduced
session_20260817_031026/T2,session_20260817_031026,T2,2,codex,structured,backend,BE-ERR-C-002-throw-only-app-exception,ERR,backend/src/modules/contact/contact.service.ts,Service failures must use the project AppException.,trajectory_cumulative,introduced
session_20260817_031026/T2,session_20260817_031026,T2,2,codex,structured,backend,BE-ERR-C-002-throw-only-app-exception,ERR,backend/src/modules/contact/contact.service.ts,Service failures must use the project AppException.,trajectory_cumulative,introduced
session_20260817_031026/T2,session_20260817_031026,T2,2,codex,structured,backend,BE-ERR-C-002-throw-only-app-exception,ERR,backend/src/modules/contact/contact.service.ts,Service failures must use the project AppException.,trajectory_cumulative,introduced
session_20260817_031026/T2,session_20260817_031026,T2,2,codex,structured,backend,BE-ERR-C-002-throw-only-app-exception,ERR,backend/src/modules/contact/contact.service.ts,Service failures must use the project AppException.,trajectory_cumulative,introduced
session_20260817_031026/T2,session_20260817_031026,T2,2,codex,structured,backend,BE-ERR-C-002-throw-only-app-exception,ERR,backend/src/modules/contact/contact.service.ts,Service failures must use the project AppException.,trajectory_cumulative,introduced
session_20260817_031026/T2,session_20260817_031026,T2,2,codex,structured,backend,BE-ERR-C-002-throw-only-app-exception,ERR,backend/src/modules/contact/contact.service.ts,Service failures must use the project AppException.,trajectory_cumulative,introduced
session_20260817_031026/T2,session_20260817_031026,T2,2,codex,structured,backend,BE-ERR-C-002-throw-only-app-exception,ERR,backend/src/modules/contact/contact.service.ts,Service failures must use the project AppException.,trajectory_cumulative,introduced
session_20260817_031026/T2,session_20260817_031026,T2,2,codex,structured,backend,BE-ERR-C-002-throw-only-app-exception,ERR,backend/src/modules/deal/deal.service.ts,Service failures must use the project AppException.,trajectory_cumulative,introduced
session_20260817_031026/T2,session_20260817_031026,T2,2,codex,structured,backend,BE-ERR-C-002-throw-only-app-exception,ERR,backend/src/modules/deal/deal.service.ts,Service failures must use the project AppException.,trajectory_cumulative,introduced
session_20260817_031026/T2,session_20260817_031026,T2,2,codex,structured,backend,BE-ERR-C-002-throw-only-app-exception,ERR,backend/src/modules/deal/deal.service.ts,Service failures must use the project AppException.,trajectory_cumulative,introduced
session_20260817_031026/T2,session_20260817_031026,T2,2,codex,structured,backend,BE-ERR-C-002-throw-only-app-exception,ERR,backend/src/modules/deal/deal.service.ts,Service failures must use the project AppException.,trajectory_cumulative,introduced
session_20260817_031026/T2,session_20260817_031026,T2,2,codex,structured,backend,BE-ERR-C-002-throw-only-app-exception,ERR,backend/src/modules/deal/deal.service.ts,Service failures must use the project AppException.,trajectory_cumulative,introduced
session_20260817_031026/T2,session_20260817_031026,T2,2,codex,structured,backend,BE-ERR-C-002-throw-only-app-exception,ERR,backend/src/modules/deal/deal.service.ts,Service failures must use the project AppException.,trajectory_cumulative,introduced
session_20260817_031026/T2,session_20260817_031026,T2,2,codex,structured,backend,BE-CONTRACT-C-001-entity-change-requires-migration,CONTRACT,backend/src/modules/contact/contact.entity.ts,Persistent change contacts.email lacks a matching executable migration.,trajectory_cumulative,introduced
session_20260817_031026/T2,session_20260817_031026,T2,2,codex,structured,backend,BE-CONTRACT-C-001-entity-change-requires-migration,CONTRACT,backend/src/modules/contact/contact.entity.ts,Persistent change contacts.phone lacks a matching executable migration.,trajectory_cumulative,introduced
session_20260817_031026/T2,session_20260817_031026,T2,2,codex,structured,backend,BE-CONTRACT-C-001-entity-change-requires-migration,CONTRACT,backend/src/modules/contact/contact.entity.ts,Persistent change contacts.role lacks a matching executable migration.,trajectory_cumulative,introduced
session_20260817_031026/T2,session_20260817_031026,T2,2,codex,structured,backend,BE-CONTRACT-C-001-entity-change-requires-migration,CONTRACT,backend/src/modules/contact/contact.entity.ts,Persistent change contacts.deletedAt lacks a matching executable migration.,trajectory_cumulative,introduced
session_20260817_031026/T2,session_20260817_031026,T2,2,codex,structured,backend,BE-CONTRACT-C-001-entity-change-requires-migration,CONTRACT,backend/src/modules/contact/contact.entity.ts,Persistent change contacts.lastContactedAt lacks a matching executable migration.,trajectory_cumulative,introduced
session_20260817_031026/T2,session_20260817_031026,T2,2,codex,structured,backend,BE-CONTRACT-C-001-entity-change-requires-migration,CONTRACT,backend/src/modules/deal/deal-contact-link.entity.ts,Persistent change deal_contact_links.dealId lacks a matching executable migration.,trajectory_cumulative,introduced
session_20260817_031026/T2,session_20260817_031026,T2,2,codex,structured,backend,BE-CONTRACT-C-001-entity-change-requires-migration,CONTRACT,backend/src/modules/deal/deal-contact-link.entity.ts,Persistent change deal_contact_links.contactId lacks a matching executable migration.,trajectory_cumulative,introduced
session_20260817_031026/T2,session_20260817_031026,T2,2,codex,structured,backend,BE-CONTRACT-C-001-entity-change-requires-migration,CONTRACT,backend/src/modules/deal/deal-contact-link.entity.ts,Persistent change deal_contact_links.role lacks a matching executable migration.,trajectory_cumulative,introduced
session_20260817_031026/T2,session_20260817_031026,T2,2,codex,structured,backend,BE-CONTRACT-C-001-entity-change-requires-migration,CONTRACT,backend/src/modules/deal/deal-contact-link.entity.ts,Persistent change deal_contact_links.createdAt lacks a matching executable migration.,trajectory_cumulative,introduced
session_20260817_031026/T2,session_20260817_031026,T2,2,codex,structured,backend,BE-CONTRACT-C-001-entity-change-requires-migration,CONTRACT,backend/src/modules/deal/deal-contact-link.entity.ts,Persistent change deal_contact_links.updatedAt lacks a matching executable migration.,trajectory_cumulative,introduced
session_20260817_031026/T2,session_20260817_031026,T2,2,codex,structured,backend,BE-DUP-C-002-single-policy-implementation,DUP,backend/src/modules/deal/deal.service.ts,Policy createValidationException has more than one authoritative implementation.,trajectory_cumulative,introduced
session_20260817_031026/T2,session_20260817_031026,T2,2,codex,structured,backend,BE-DUP-C-003-no-equivalent-production-code,DUP,backend/src/modules/deal/deal.service.ts,Equivalent production functions must reuse one shared implementation.,trajectory_cumulative,introduced
session_20260817_031026/T2,session_20260817_031026,T2,2,codex,structured,backend,BE-DUP-C-003-no-equivalent-production-code,DUP,backend/src/modules/deal/deal.service.ts,Equivalent production functions must reuse one shared implementation.,trajectory_cumulative,introduced
session_20260817_031026/T2,session_20260817_031026,T2,2,codex,structured,backend,BE-DUP-C-003-no-equivalent-production-code,DUP,backend/src/modules/deal/deal.service.ts,Equivalent production functions must reuse one shared implementation.,trajectory_cumulative,introduced
session_20260817_031026/T2,session_20260817_031026,T2,2,codex,structured,backend,BE-DUP-C-003-no-equivalent-production-code,DUP,backend/src/modules/deal/deal.service.ts,Equivalent production functions must reuse one shared implementation.,trajectory_cumulative,introduced
session_20260817_031026/T2,session_20260817_031026,T2,2,codex,structured,frontend,FE-COM-C-001-component-file-max-lines,COM,frontend/src/pages/contacts/ContactForm.jsx,"React component file has 328 non-blank, non-comment lines; maximum is 300.",trajectory_cumulative,introduced
session_20260817_031026/T2,session_20260817_031026,T2,2,codex,structured,frontend,FE-COM-C-001-component-file-max-lines,COM,frontend/src/pages/deals/DealForm.jsx,"React component file has 465 non-blank, non-comment lines; maximum is 300.",trajectory_cumulative,introduced
session_20260817_031026/T2,session_20260817_031026,T2,2,codex,structured,frontend,FE-DUP-C-002-single-authoritative-implementation,DUP,frontend/src/pages/contacts/ContactDetail.jsx,component-clone logic has more than one production implementation.,trajectory_cumulative,introduced
session_20260817_031026/T2,session_20260817_031026,T2,2,codex,structured,frontend,FE-DUP-C-002-single-authoritative-implementation,DUP,frontend/src/pages/contacts/ContactTable.jsx,component-clone logic has more than one production implementation.,trajectory_cumulative,introduced
session_20260817_031026/T2,session_20260817_031026,T2,2,codex,structured,frontend,FE-DUP-C-002-single-authoritative-implementation,DUP,frontend/src/pages/deals/dealQueries.js,function-clone logic has more than one production implementation.,trajectory_cumulative,introduced
session_20260817_031026/T2,session_20260817_031026,T2,2,codex,structured,frontend,FE-DUP-C-002-single-authoritative-implementation,DUP,frontend/src/pages/deals/dealQueries.js,2 substantive duplicate implementation groups exist across the same files.,trajectory_cumulative,introduced
session_20260817_031026/T2,session_20260817_031026,T2,2,codex,structured,frontend,FE-DUP-C-002-single-authoritative-implementation,DUP,frontend/src/pages/deals/DealTable.jsx,function-clone logic has more than one production implementation.,trajectory_cumulative,introduced
session_20260817_031026/T2,session_20260817_031026,T2,2,codex,structured,frontend,FE-DUP-C-002-single-authoritative-implementation,DUP,frontend/src/pages/contacts/ContactTable.jsx,component-clone logic has more than one production implementation.,trajectory_cumulative,resolved
session_20260817_031026/T3,session_20260817_031026,T3,3,codex,structured,backend,BE-ERR-C-002-throw-only-app-exception,ERR,backend/src/modules/contact/contact.service.ts,Service failures must use the project AppException.,absolute,current
session_20260817_031026/T3,session_20260817_031026,T3,3,codex,structured,backend,BE-ERR-C-002-throw-only-app-exception,ERR,backend/src/modules/contact/contact.service.ts,Service failures must use the project AppException.,absolute,current
session_20260817_031026/T3,session_20260817_031026,T3,3,codex,structured,backend,BE-ERR-C-002-throw-only-app-exception,ERR,backend/src/modules/contact/contact.service.ts,Service failures must use the project AppException.,absolute,current
session_20260817_031026/T3,session_20260817_031026,T3,3,codex,structured,backend,BE-ERR-C-002-throw-only-app-exception,ERR,backend/src/modules/contact/contact.service.ts,Service failures must use the project AppException.,absolute,current
session_20260817_031026/T3,session_20260817_031026,T3,3,codex,structured,backend,BE-ERR-C-002-throw-only-app-exception,ERR,backend/src/modules/contact/contact.service.ts,Service failures must use the project AppException.,absolute,current
session_20260817_031026/T3,session_20260817_031026,T3,3,codex,structured,backend,BE-ERR-C-002-throw-only-app-exception,ERR,backend/src/modules/contact/contact.service.ts,Service failures must use the project AppException.,absolute,current
session_20260817_031026/T3,session_20260817_031026,T3,3,codex,structured,backend,BE-ERR-C-002-throw-only-app-exception,ERR,backend/src/modules/contact/contact.service.ts,Service failures must use the project AppException.,absolute,current
session_20260817_031026/T3,session_20260817_031026,T3,3,codex,structured,backend,BE-ERR-C-002-throw-only-app-exception,ERR,backend/src/modules/contact/contact.service.ts,Service failures must use the project AppException.,absolute,current
session_20260817_031026/T3,session_20260817_031026,T3,3,codex,structured,backend,BE-ERR-C-002-throw-only-app-exception,ERR,backend/src/modules/contact/contact.service.ts,Service failures must use the project AppException.,absolute,current
session_20260817_031026/T3,session_20260817_031026,T3,3,codex,structured,backend,BE-ERR-C-002-throw-only-app-exception,ERR,backend/src/modules/contact/contact.service.ts,Service failures must use the project AppException.,absolute,current
session_20260817_031026/T3,session_20260817_031026,T3,3,codex,structured,backend,BE-ERR-C-002-throw-only-app-exception,ERR,backend/src/modules/contact/contact.service.ts,Service failures must use the project AppException.,absolute,current
session_20260817_031026/T3,session_20260817_031026,T3,3,codex,structured,backend,BE-ERR-C-002-throw-only-app-exception,ERR,backend/src/modules/contact/contact.service.ts,Service failures must use the project AppException.,absolute,current
session_20260817_031026/T3,session_20260817_031026,T3,3,codex,structured,backend,BE-ERR-C-002-throw-only-app-exception,ERR,backend/src/modules/contact/contact.service.ts,Service failures must use the project AppException.,absolute,current
session_20260817_031026/T3,session_20260817_031026,T3,3,codex,structured,backend,BE-ERR-C-002-throw-only-app-exception,ERR,backend/src/modules/deal/deal.service.ts,Service failures must use the project AppException.,absolute,current
session_20260817_031026/T3,session_20260817_031026,T3,3,codex,structured,backend,BE-ERR-C-002-throw-only-app-exception,ERR,backend/src/modules/deal/deal.service.ts,Service failures must use the project AppException.,absolute,current
session_20260817_031026/T3,session_20260817_031026,T3,3,codex,structured,backend,BE-ERR-C-002-throw-only-app-exception,ERR,backend/src/modules/deal/deal.service.ts,Service failures must use the project AppException.,absolute,current
session_20260817_031026/T3,session_20260817_031026,T3,3,codex,structured,backend,BE-ERR-C-002-throw-only-app-exception,ERR,backend/src/modules/deal/deal.service.ts,Service failures must use the project AppException.,absolute,current
session_20260817_031026/T3,session_20260817_031026,T3,3,codex,structured,backend,BE-ERR-C-002-throw-only-app-exception,ERR,backend/src/modules/deal/deal.service.ts,Service failures must use the project AppException.,absolute,current
session_20260817_031026/T3,session_20260817_031026,T3,3,codex,structured,backend,BE-ERR-C-002-throw-only-app-exception,ERR,backend/src/modules/deal/deal.service.ts,Service failures must use the project AppException.,absolute,current
session_20260817_031026/T3,session_20260817_031026,T3,3,codex,structured,backend,BE-ERR-C-002-throw-only-app-exception,ERR,backend/src/modules/deal/deal.service.ts,Service failures must use the project AppException.,absolute,current
session_20260817_031026/T3,session_20260817_031026,T3,3,codex,structured,backend,BE-ERR-C-002-throw-only-app-exception,ERR,backend/src/modules/deal/deal.service.ts,Service failures must use the project AppException.,absolute,current
session_20260817_031026/T3,session_20260817_031026,T3,3,codex,structured,backend,BE-ERR-C-002-throw-only-app-exception,ERR,backend/src/modules/deal/deal.service.ts,Service failures must use the project AppException.,absolute,current
session_20260817_031026/T3,session_20260817_031026,T3,3,codex,structured,backend,BE-DUP-C-002-single-policy-implementation,DUP,backend/src/modules/deal/deal.service.ts,Policy createValidationException has more than one authoritative implementation.,absolute,current
session_20260817_031026/T3,session_20260817_031026,T3,3,codex,structured,backend,BE-DUP-C-003-no-equivalent-production-code,DUP,backend/src/modules/deal/deal.service.ts,Equivalent production functions must reuse one shared implementation.,absolute,current
session_20260817_031026/T3,session_20260817_031026,T3,3,codex,structured,backend,BE-DUP-C-003-no-equivalent-production-code,DUP,backend/src/modules/deal/deal.service.ts,Equivalent production functions must reuse one shared implementation.,absolute,current
session_20260817_031026/T3,session_20260817_031026,T3,3,codex,structured,backend,BE-DUP-C-003-no-equivalent-production-code,DUP,backend/src/modules/deal/deal.service.ts,Equivalent production functions must reuse one shared implementation.,absolute,current
session_20260817_031026/T3,session_20260817_031026,T3,3,codex,structured,backend,BE-DUP-C-003-no-equivalent-production-code,DUP,backend/src/modules/deal/deal.service.ts,Equivalent production functions must reuse one shared implementation.,absolute,current
session_20260817_031026/T3,session_20260817_031026,T3,3,codex,structured,frontend,FE-COM-C-001-component-file-max-lines,COM,frontend/src/pages/contacts/ContactForm.jsx,"React component file has 328 non-blank, non-comment lines; maximum is 300.",absolute,current
session_20260817_031026/T3,session_20260817_031026,T3,3,codex,structured,frontend,FE-COM-C-001-component-file-max-lines,COM,frontend/src/pages/deals/DealForm.jsx,"React component file has 543 non-blank, non-comment lines; maximum is 300.",absolute,current
session_20260817_031026/T3,session_20260817_031026,T3,3,codex,structured,frontend,FE-STATE-C-002-context-provider-only-in-controlled-locations,STATE,frontend/src/themes/index.jsx,Context providers must stay at an approved application or route boundary.,absolute,current
session_20260817_031026/T3,session_20260817_031026,T3,3,codex,structured,frontend,FE-STATE-C-002-context-provider-only-in-controlled-locations,STATE,frontend/src/themes/index.jsx,Context providers must stay at an approved application or route boundary.,absolute,current
session_20260817_031026/T3,session_20260817_031026,T3,3,codex,structured,frontend,FE-DUP-C-002-single-authoritative-implementation,DUP,frontend/src/layout/components/Navbar/HeaderContent/Notification.jsx,function-clone logic has more than one production implementation.,absolute,current
session_20260817_031026/T3,session_20260817_031026,T3,3,codex,structured,frontend,FE-DUP-C-002-single-authoritative-implementation,DUP,frontend/src/pages/contacts/ContactDetail.jsx,component-clone logic has more than one production implementation.,absolute,current
session_20260817_031026/T3,session_20260817_031026,T3,3,codex,structured,frontend,FE-DUP-C-002-single-authoritative-implementation,DUP,frontend/src/pages/contacts/contactQueries.js,3 substantive duplicate implementation groups exist across the same files.,absolute,current
session_20260817_031026/T3,session_20260817_031026,T3,3,codex,structured,frontend,FE-DUP-C-002-single-authoritative-implementation,DUP,frontend/src/pages/contacts/ContactTable.jsx,component-clone logic has more than one production implementation.,absolute,current
session_20260817_031026/T3,session_20260817_031026,T3,3,codex,structured,frontend,FE-DUP-C-002-single-authoritative-implementation,DUP,frontend/src/pages/deals/dealQueries.js,function-clone logic has more than one production implementation.,absolute,current
session_20260817_031026/T3,session_20260817_031026,T3,3,codex,structured,frontend,FE-DUP-C-002-single-authoritative-implementation,DUP,frontend/src/pages/deals/dealQueries.js,2 substantive duplicate implementation groups exist across the same files.,absolute,current
session_20260817_031026/T3,session_20260817_031026,T3,3,codex,structured,frontend,FE-DUP-C-002-single-authoritative-implementation,DUP,frontend/src/pages/deals/DealTable.jsx,function-clone logic has more than one production implementation.,absolute,current
session_20260817_031026/T3,session_20260817_031026,T3,3,codex,structured,backend,BE-ERR-C-002-throw-only-app-exception,ERR,backend/src/modules/deal/deal.service.ts,Service failures must use the project AppException.,run_local,introduced
session_20260817_031026/T3,session_20260817_031026,T3,3,codex,structured,backend,BE-ERR-C-002-throw-only-app-exception,ERR,backend/src/modules/deal/deal.service.ts,Service failures must use the project AppException.,run_local,introduced
session_20260817_031026/T3,session_20260817_031026,T3,3,codex,structured,backend,BE-ERR-C-002-throw-only-app-exception,ERR,backend/src/modules/deal/deal.service.ts,Service failures must use the project AppException.,run_local,introduced
session_20260817_031026/T3,session_20260817_031026,T3,3,codex,structured,backend,BE-ERR-C-002-throw-only-app-exception,ERR,backend/src/modules/deal/deal.service.ts,Service failures must use the project AppException.,run_local,introduced
session_20260817_031026/T3,session_20260817_031026,T3,3,codex,structured,backend,BE-ERR-C-002-throw-only-app-exception,ERR,backend/src/modules/deal/deal.service.ts,Service failures must use the project AppException.,run_local,introduced
session_20260817_031026/T3,session_20260817_031026,T3,3,codex,structured,backend,BE-ERR-C-002-throw-only-app-exception,ERR,backend/src/modules/deal/deal.service.ts,Service failures must use the project AppException.,run_local,introduced
session_20260817_031026/T3,session_20260817_031026,T3,3,codex,structured,backend,BE-ERR-C-002-throw-only-app-exception,ERR,backend/src/modules/deal/deal.service.ts,Service failures must use the project AppException.,run_local,introduced
session_20260817_031026/T3,session_20260817_031026,T3,3,codex,structured,backend,BE-ERR-C-002-throw-only-app-exception,ERR,backend/src/modules/deal/deal.service.ts,Service failures must use the project AppException.,run_local,introduced
session_20260817_031026/T3,session_20260817_031026,T3,3,codex,structured,backend,BE-ERR-C-002-throw-only-app-exception,ERR,backend/src/modules/deal/deal.service.ts,Service failures must use the project AppException.,run_local,introduced
session_20260817_031026/T3,session_20260817_031026,T3,3,codex,structured,backend,BE-DUP-C-002-single-policy-implementation,DUP,backend/src/modules/deal/deal.service.ts,Policy createValidationException has more than one authoritative implementation.,run_local,introduced
session_20260817_031026/T3,session_20260817_031026,T3,3,codex,structured,backend,BE-DUP-C-003-no-equivalent-production-code,DUP,backend/src/modules/deal/deal.service.ts,Equivalent production functions must reuse one shared implementation.,run_local,introduced
session_20260817_031026/T3,session_20260817_031026,T3,3,codex,structured,backend,BE-DUP-C-003-no-equivalent-production-code,DUP,backend/src/modules/deal/deal.service.ts,Equivalent production functions must reuse one shared implementation.,run_local,introduced
session_20260817_031026/T3,session_20260817_031026,T3,3,codex,structured,backend,BE-DUP-C-003-no-equivalent-production-code,DUP,backend/src/modules/deal/deal.service.ts,Equivalent production functions must reuse one shared implementation.,run_local,introduced
session_20260817_031026/T3,session_20260817_031026,T3,3,codex,structured,backend,BE-DUP-C-003-no-equivalent-production-code,DUP,backend/src/modules/deal/deal.service.ts,Equivalent production functions must reuse one shared implementation.,run_local,introduced
session_20260817_031026/T3,session_20260817_031026,T3,3,codex,structured,frontend,FE-COM-C-001-component-file-max-lines,COM,frontend/src/pages/deals/DealForm.jsx,"React component file has 543 non-blank, non-comment lines; maximum is 300.",run_local,introduced
session_20260817_031026/T3,session_20260817_031026,T3,3,codex,structured,frontend,FE-DUP-C-002-single-authoritative-implementation,DUP,frontend/src/pages/deals/DealTable.jsx,function-clone logic has more than one production implementation.,run_local,introduced
session_20260817_031026/T3,session_20260817_031026,T3,3,codex,structured,backend,BE-ERR-C-002-throw-only-app-exception,ERR,backend/src/modules/deal/deal.service.ts,Service failures must use the project AppException.,run_local,resolved
session_20260817_031026/T3,session_20260817_031026,T3,3,codex,structured,backend,BE-ERR-C-002-throw-only-app-exception,ERR,backend/src/modules/deal/deal.service.ts,Service failures must use the project AppException.,run_local,resolved
session_20260817_031026/T3,session_20260817_031026,T3,3,codex,structured,backend,BE-ERR-C-002-throw-only-app-exception,ERR,backend/src/modules/deal/deal.service.ts,Service failures must use the project AppException.,run_local,resolved
session_20260817_031026/T3,session_20260817_031026,T3,3,codex,structured,backend,BE-ERR-C-002-throw-only-app-exception,ERR,backend/src/modules/deal/deal.service.ts,Service failures must use the project AppException.,run_local,resolved
session_20260817_031026/T3,session_20260817_031026,T3,3,codex,structured,backend,BE-ERR-C-002-throw-only-app-exception,ERR,backend/src/modules/deal/deal.service.ts,Service failures must use the project AppException.,run_local,resolved
session_20260817_031026/T3,session_20260817_031026,T3,3,codex,structured,backend,BE-ERR-C-002-throw-only-app-exception,ERR,backend/src/modules/deal/deal.service.ts,Service failures must use the project AppException.,run_local,resolved
session_20260817_031026/T3,session_20260817_031026,T3,3,codex,structured,backend,BE-CONTRACT-C-001-entity-change-requires-migration,CONTRACT,backend/src/modules/contact/contact.entity.ts,Persistent change contacts.email lacks a matching executable migration.,run_local,resolved
session_20260817_031026/T3,session_20260817_031026,T3,3,codex,structured,backend,BE-CONTRACT-C-001-entity-change-requires-migration,CONTRACT,backend/src/modules/contact/contact.entity.ts,Persistent change contacts.phone lacks a matching executable migration.,run_local,resolved
session_20260817_031026/T3,session_20260817_031026,T3,3,codex,structured,backend,BE-CONTRACT-C-001-entity-change-requires-migration,CONTRACT,backend/src/modules/contact/contact.entity.ts,Persistent change contacts.role lacks a matching executable migration.,run_local,resolved
session_20260817_031026/T3,session_20260817_031026,T3,3,codex,structured,backend,BE-CONTRACT-C-001-entity-change-requires-migration,CONTRACT,backend/src/modules/contact/contact.entity.ts,Persistent change contacts.deletedAt lacks a matching executable migration.,run_local,resolved
session_20260817_031026/T3,session_20260817_031026,T3,3,codex,structured,backend,BE-CONTRACT-C-001-entity-change-requires-migration,CONTRACT,backend/src/modules/contact/contact.entity.ts,Persistent change contacts.lastContactedAt lacks a matching executable migration.,run_local,resolved
session_20260817_031026/T3,session_20260817_031026,T3,3,codex,structured,backend,BE-CONTRACT-C-001-entity-change-requires-migration,CONTRACT,backend/src/modules/deal/deal-contact-link.entity.ts,Persistent change deal_contact_links.dealId lacks a matching executable migration.,run_local,resolved
session_20260817_031026/T3,session_20260817_031026,T3,3,codex,structured,backend,BE-CONTRACT-C-001-entity-change-requires-migration,CONTRACT,backend/src/modules/deal/deal-contact-link.entity.ts,Persistent change deal_contact_links.contactId lacks a matching executable migration.,run_local,resolved
session_20260817_031026/T3,session_20260817_031026,T3,3,codex,structured,backend,BE-CONTRACT-C-001-entity-change-requires-migration,CONTRACT,backend/src/modules/deal/deal-contact-link.entity.ts,Persistent change deal_contact_links.role lacks a matching executable migration.,run_local,resolved
session_20260817_031026/T3,session_20260817_031026,T3,3,codex,structured,backend,BE-CONTRACT-C-001-entity-change-requires-migration,CONTRACT,backend/src/modules/deal/deal-contact-link.entity.ts,Persistent change deal_contact_links.createdAt lacks a matching executable migration.,run_local,resolved
session_20260817_031026/T3,session_20260817_031026,T3,3,codex,structured,backend,BE-CONTRACT-C-001-entity-change-requires-migration,CONTRACT,backend/src/modules/deal/deal-contact-link.entity.ts,Persistent change deal_contact_links.updatedAt lacks a matching executable migration.,run_local,resolved
session_20260817_031026/T3,session_20260817_031026,T3,3,codex,structured,backend,BE-DUP-C-002-single-policy-implementation,DUP,backend/src/modules/deal/deal.service.ts,Policy createValidationException has more than one authoritative implementation.,run_local,resolved
session_20260817_031026/T3,session_20260817_031026,T3,3,codex,structured,backend,BE-DUP-C-003-no-equivalent-production-code,DUP,backend/src/modules/deal/deal.service.ts,Equivalent production functions must reuse one shared implementation.,run_local,resolved
session_20260817_031026/T3,session_20260817_031026,T3,3,codex,structured,backend,BE-DUP-C-003-no-equivalent-production-code,DUP,backend/src/modules/deal/deal.service.ts,Equivalent production functions must reuse one shared implementation.,run_local,resolved
session_20260817_031026/T3,session_20260817_031026,T3,3,codex,structured,backend,BE-DUP-C-003-no-equivalent-production-code,DUP,backend/src/modules/deal/deal.service.ts,Equivalent production functions must reuse one shared implementation.,run_local,resolved
session_20260817_031026/T3,session_20260817_031026,T3,3,codex,structured,backend,BE-DUP-C-003-no-equivalent-production-code,DUP,backend/src/modules/deal/deal.service.ts,Equivalent production functions must reuse one shared implementation.,run_local,resolved
session_20260817_031026/T3,session_20260817_031026,T3,3,codex,structured,frontend,FE-COM-C-001-component-file-max-lines,COM,frontend/src/pages/deals/DealForm.jsx,"React component file has 465 non-blank, non-comment lines; maximum is 300.",run_local,resolved
session_20260817_031026/T3,session_20260817_031026,T3,3,codex,structured,frontend,FE-DUP-C-002-single-authoritative-implementation,DUP,frontend/src/pages/deals/DealTable.jsx,function-clone logic has more than one production implementation.,run_local,resolved
session_20260817_031026/T3,session_20260817_031026,T3,3,codex,structured,backend,BE-ERR-C-002-throw-only-app-exception,ERR,backend/src/modules/contact/contact.service.ts,Service failures must use the project AppException.,trajectory_cumulative,introduced
session_20260817_031026/T3,session_20260817_031026,T3,3,codex,structured,backend,BE-ERR-C-002-throw-only-app-exception,ERR,backend/src/modules/contact/contact.service.ts,Service failures must use the project AppException.,trajectory_cumulative,introduced
session_20260817_031026/T3,session_20260817_031026,T3,3,codex,structured,backend,BE-ERR-C-002-throw-only-app-exception,ERR,backend/src/modules/contact/contact.service.ts,Service failures must use the project AppException.,trajectory_cumulative,introduced
session_20260817_031026/T3,session_20260817_031026,T3,3,codex,structured,backend,BE-ERR-C-002-throw-only-app-exception,ERR,backend/src/modules/contact/contact.service.ts,Service failures must use the project AppException.,trajectory_cumulative,introduced
session_20260817_031026/T3,session_20260817_031026,T3,3,codex,structured,backend,BE-ERR-C-002-throw-only-app-exception,ERR,backend/src/modules/contact/contact.service.ts,Service failures must use the project AppException.,trajectory_cumulative,introduced
session_20260817_031026/T3,session_20260817_031026,T3,3,codex,structured,backend,BE-ERR-C-002-throw-only-app-exception,ERR,backend/src/modules/contact/contact.service.ts,Service failures must use the project AppException.,trajectory_cumulative,introduced
session_20260817_031026/T3,session_20260817_031026,T3,3,codex,structured,backend,BE-ERR-C-002-throw-only-app-exception,ERR,backend/src/modules/contact/contact.service.ts,Service failures must use the project AppException.,trajectory_cumulative,introduced
session_20260817_031026/T3,session_20260817_031026,T3,3,codex,structured,backend,BE-ERR-C-002-throw-only-app-exception,ERR,backend/src/modules/contact/contact.service.ts,Service failures must use the project AppException.,trajectory_cumulative,introduced
session_20260817_031026/T3,session_20260817_031026,T3,3,codex,structured,backend,BE-ERR-C-002-throw-only-app-exception,ERR,backend/src/modules/contact/contact.service.ts,Service failures must use the project AppException.,trajectory_cumulative,introduced
session_20260817_031026/T3,session_20260817_031026,T3,3,codex,structured,backend,BE-ERR-C-002-throw-only-app-exception,ERR,backend/src/modules/contact/contact.service.ts,Service failures must use the project AppException.,trajectory_cumulative,introduced
session_20260817_031026/T3,session_20260817_031026,T3,3,codex,structured,backend,BE-ERR-C-002-throw-only-app-exception,ERR,backend/src/modules/contact/contact.service.ts,Service failures must use the project AppException.,trajectory_cumulative,introduced
session_20260817_031026/T3,session_20260817_031026,T3,3,codex,structured,backend,BE-ERR-C-002-throw-only-app-exception,ERR,backend/src/modules/contact/contact.service.ts,Service failures must use the project AppException.,trajectory_cumulative,introduced
session_20260817_031026/T3,session_20260817_031026,T3,3,codex,structured,backend,BE-ERR-C-002-throw-only-app-exception,ERR,backend/src/modules/contact/contact.service.ts,Service failures must use the project AppException.,trajectory_cumulative,introduced
session_20260817_031026/T3,session_20260817_031026,T3,3,codex,structured,backend,BE-ERR-C-002-throw-only-app-exception,ERR,backend/src/modules/deal/deal.service.ts,Service failures must use the project AppException.,trajectory_cumulative,introduced
session_20260817_031026/T3,session_20260817_031026,T3,3,codex,structured,backend,BE-ERR-C-002-throw-only-app-exception,ERR,backend/src/modules/deal/deal.service.ts,Service failures must use the project AppException.,trajectory_cumulative,introduced
session_20260817_031026/T3,session_20260817_031026,T3,3,codex,structured,backend,BE-ERR-C-002-throw-only-app-exception,ERR,backend/src/modules/deal/deal.service.ts,Service failures must use the project AppException.,trajectory_cumulative,introduced
session_20260817_031026/T3,session_20260817_031026,T3,3,codex,structured,backend,BE-ERR-C-002-throw-only-app-exception,ERR,backend/src/modules/deal/deal.service.ts,Service failures must use the project AppException.,trajectory_cumulative,introduced
session_20260817_031026/T3,session_20260817_031026,T3,3,codex,structured,backend,BE-ERR-C-002-throw-only-app-exception,ERR,backend/src/modules/deal/deal.service.ts,Service failures must use the project AppException.,trajectory_cumulative,introduced
session_20260817_031026/T3,session_20260817_031026,T3,3,codex,structured,backend,BE-ERR-C-002-throw-only-app-exception,ERR,backend/src/modules/deal/deal.service.ts,Service failures must use the project AppException.,trajectory_cumulative,introduced
session_20260817_031026/T3,session_20260817_031026,T3,3,codex,structured,backend,BE-ERR-C-002-throw-only-app-exception,ERR,backend/src/modules/deal/deal.service.ts,Service failures must use the project AppException.,trajectory_cumulative,introduced
session_20260817_031026/T3,session_20260817_031026,T3,3,codex,structured,backend,BE-ERR-C-002-throw-only-app-exception,ERR,backend/src/modules/deal/deal.service.ts,Service failures must use the project AppException.,trajectory_cumulative,introduced
session_20260817_031026/T3,session_20260817_031026,T3,3,codex,structured,backend,BE-ERR-C-002-throw-only-app-exception,ERR,backend/src/modules/deal/deal.service.ts,Service failures must use the project AppException.,trajectory_cumulative,introduced
session_20260817_031026/T3,session_20260817_031026,T3,3,codex,structured,backend,BE-DUP-C-002-single-policy-implementation,DUP,backend/src/modules/deal/deal.service.ts,Policy createValidationException has more than one authoritative implementation.,trajectory_cumulative,introduced
session_20260817_031026/T3,session_20260817_031026,T3,3,codex,structured,backend,BE-DUP-C-003-no-equivalent-production-code,DUP,backend/src/modules/deal/deal.service.ts,Equivalent production functions must reuse one shared implementation.,trajectory_cumulative,introduced
session_20260817_031026/T3,session_20260817_031026,T3,3,codex,structured,backend,BE-DUP-C-003-no-equivalent-production-code,DUP,backend/src/modules/deal/deal.service.ts,Equivalent production functions must reuse one shared implementation.,trajectory_cumulative,introduced
session_20260817_031026/T3,session_20260817_031026,T3,3,codex,structured,backend,BE-DUP-C-003-no-equivalent-production-code,DUP,backend/src/modules/deal/deal.service.ts,Equivalent production functions must reuse one shared implementation.,trajectory_cumulative,introduced
session_20260817_031026/T3,session_20260817_031026,T3,3,codex,structured,backend,BE-DUP-C-003-no-equivalent-production-code,DUP,backend/src/modules/deal/deal.service.ts,Equivalent production functions must reuse one shared implementation.,trajectory_cumulative,introduced
session_20260817_031026/T3,session_20260817_031026,T3,3,codex,structured,frontend,FE-COM-C-001-component-file-max-lines,COM,frontend/src/pages/contacts/ContactForm.jsx,"React component file has 328 non-blank, non-comment lines; maximum is 300.",trajectory_cumulative,introduced
session_20260817_031026/T3,session_20260817_031026,T3,3,codex,structured,frontend,FE-COM-C-001-component-file-max-lines,COM,frontend/src/pages/deals/DealForm.jsx,"React component file has 543 non-blank, non-comment lines; maximum is 300.",trajectory_cumulative,introduced
session_20260817_031026/T3,session_20260817_031026,T3,3,codex,structured,frontend,FE-DUP-C-002-single-authoritative-implementation,DUP,frontend/src/pages/contacts/ContactDetail.jsx,component-clone logic has more than one production implementation.,trajectory_cumulative,introduced
session_20260817_031026/T3,session_20260817_031026,T3,3,codex,structured,frontend,FE-DUP-C-002-single-authoritative-implementation,DUP,frontend/src/pages/contacts/ContactTable.jsx,component-clone logic has more than one production implementation.,trajectory_cumulative,introduced
session_20260817_031026/T3,session_20260817_031026,T3,3,codex,structured,frontend,FE-DUP-C-002-single-authoritative-implementation,DUP,frontend/src/pages/deals/dealQueries.js,function-clone logic has more than one production implementation.,trajectory_cumulative,introduced
session_20260817_031026/T3,session_20260817_031026,T3,3,codex,structured,frontend,FE-DUP-C-002-single-authoritative-implementation,DUP,frontend/src/pages/deals/dealQueries.js,2 substantive duplicate implementation groups exist across the same files.,trajectory_cumulative,introduced
session_20260817_031026/T3,session_20260817_031026,T3,3,codex,structured,frontend,FE-DUP-C-002-single-authoritative-implementation,DUP,frontend/src/pages/deals/DealTable.jsx,function-clone logic has more than one production implementation.,trajectory_cumulative,introduced
session_20260817_031026/T3,session_20260817_031026,T3,3,codex,structured,frontend,FE-DUP-C-002-single-authoritative-implementation,DUP,frontend/src/pages/contacts/ContactTable.jsx,component-clone logic has more than one production implementation.,trajectory_cumulative,resolved
session_20260817_130253/T1,session_20260817_130253,T1,1,claude,minimal,backend,BE-DOM-C-001-no-cross-module-deep-import,DOM,backend/src/modules/deal/deal.service.ts,Cross-module imports must use index.ts or the target module file.,absolute,current
session_20260817_130253/T1,session_20260817_130253,T1,1,claude,minimal,backend,BE-CONTRACT-C-001-entity-change-requires-migration,CONTRACT,backend/src/modules/deal/deal.entity.ts,Persistent change deals.name lacks a matching executable migration.,absolute,current
session_20260817_130253/T1,session_20260817_130253,T1,1,claude,minimal,backend,BE-CONTRACT-C-001-entity-change-requires-migration,CONTRACT,backend/src/modules/deal/deal.entity.ts,Persistent change deals.value lacks a matching executable migration.,absolute,current
session_20260817_130253/T1,session_20260817_130253,T1,1,claude,minimal,backend,BE-CONTRACT-C-001-entity-change-requires-migration,CONTRACT,backend/src/modules/deal/deal.entity.ts,Persistent change deals.stage lacks a matching executable migration.,absolute,current
session_20260817_130253/T1,session_20260817_130253,T1,1,claude,minimal,backend,BE-CONTRACT-C-001-entity-change-requires-migration,CONTRACT,backend/src/modules/deal/deal.entity.ts,Persistent change deals.expectedCloseDate lacks a matching executable migration.,absolute,current
session_20260817_130253/T1,session_20260817_130253,T1,1,claude,minimal,backend,BE-CONTRACT-C-001-entity-change-requires-migration,CONTRACT,backend/src/modules/deal/deal.entity.ts,Persistent change deals.createdAt lacks a matching executable migration.,absolute,current
session_20260817_130253/T1,session_20260817_130253,T1,1,claude,minimal,backend,BE-CONTRACT-C-001-entity-change-requires-migration,CONTRACT,backend/src/modules/deal/deal.entity.ts,Persistent change deals.updatedAt lacks a matching executable migration.,absolute,current
session_20260817_130253/T1,session_20260817_130253,T1,1,claude,minimal,backend,BE-CONTRACT-C-001-entity-change-requires-migration,CONTRACT,backend/src/modules/deal/deal.entity.ts,Persistent change deals.deletedAt lacks a matching executable migration.,absolute,current
session_20260817_130253/T1,session_20260817_130253,T1,1,claude,minimal,frontend,FE-STATE-C-002-context-provider-only-in-controlled-locations,STATE,frontend/src/themes/index.jsx,Context providers must stay at an approved application or route boundary.,absolute,current
session_20260817_130253/T1,session_20260817_130253,T1,1,claude,minimal,frontend,FE-STATE-C-002-context-provider-only-in-controlled-locations,STATE,frontend/src/themes/index.jsx,Context providers must stay at an approved application or route boundary.,absolute,current
session_20260817_130253/T1,session_20260817_130253,T1,1,claude,minimal,frontend,FE-DUP-C-002-single-authoritative-implementation,DUP,frontend/src/layout/components/Navbar/HeaderContent/Notification.jsx,function-clone logic has more than one production implementation.,absolute,current
session_20260817_130253/T1,session_20260817_130253,T1,1,claude,minimal,frontend,FE-DUP-C-002-single-authoritative-implementation,DUP,frontend/src/pages/contacts/contactQueries.js,3 substantive duplicate implementation groups exist across the same files.,absolute,current
session_20260817_130253/T1,session_20260817_130253,T1,1,claude,minimal,frontend,FE-DUP-C-002-single-authoritative-implementation,DUP,frontend/src/pages/contacts/ContactTable.jsx,component-clone logic has more than one production implementation.,absolute,current
session_20260817_130253/T1,session_20260817_130253,T1,1,claude,minimal,frontend,FE-DUP-C-002-single-authoritative-implementation,DUP,frontend/src/pages/deals/dealQueries.js,function-clone logic has more than one production implementation.,absolute,current
session_20260817_130253/T1,session_20260817_130253,T1,1,claude,minimal,frontend,FE-DUP-C-002-single-authoritative-implementation,DUP,frontend/src/pages/deals/dealQueries.js,2 substantive duplicate implementation groups exist across the same files.,absolute,current
session_20260817_130253/T1,session_20260817_130253,T1,1,claude,minimal,frontend,FE-DUP-C-002-single-authoritative-implementation,DUP,frontend/src/pages/deals/index.jsx,function-clone logic has more than one production implementation.,absolute,current
session_20260817_130253/T1,session_20260817_130253,T1,1,claude,minimal,backend,BE-DOM-C-001-no-cross-module-deep-import,DOM,backend/src/modules/deal/deal.service.ts,Cross-module imports must use index.ts or the target module file.,run_local,introduced
session_20260817_130253/T1,session_20260817_130253,T1,1,claude,minimal,backend,BE-CONTRACT-C-001-entity-change-requires-migration,CONTRACT,backend/src/modules/deal/deal.entity.ts,Persistent change deals.name lacks a matching executable migration.,run_local,introduced
session_20260817_130253/T1,session_20260817_130253,T1,1,claude,minimal,backend,BE-CONTRACT-C-001-entity-change-requires-migration,CONTRACT,backend/src/modules/deal/deal.entity.ts,Persistent change deals.value lacks a matching executable migration.,run_local,introduced
session_20260817_130253/T1,session_20260817_130253,T1,1,claude,minimal,backend,BE-CONTRACT-C-001-entity-change-requires-migration,CONTRACT,backend/src/modules/deal/deal.entity.ts,Persistent change deals.stage lacks a matching executable migration.,run_local,introduced
session_20260817_130253/T1,session_20260817_130253,T1,1,claude,minimal,backend,BE-CONTRACT-C-001-entity-change-requires-migration,CONTRACT,backend/src/modules/deal/deal.entity.ts,Persistent change deals.expectedCloseDate lacks a matching executable migration.,run_local,introduced
session_20260817_130253/T1,session_20260817_130253,T1,1,claude,minimal,backend,BE-CONTRACT-C-001-entity-change-requires-migration,CONTRACT,backend/src/modules/deal/deal.entity.ts,Persistent change deals.createdAt lacks a matching executable migration.,run_local,introduced
session_20260817_130253/T1,session_20260817_130253,T1,1,claude,minimal,backend,BE-CONTRACT-C-001-entity-change-requires-migration,CONTRACT,backend/src/modules/deal/deal.entity.ts,Persistent change deals.updatedAt lacks a matching executable migration.,run_local,introduced
session_20260817_130253/T1,session_20260817_130253,T1,1,claude,minimal,backend,BE-CONTRACT-C-001-entity-change-requires-migration,CONTRACT,backend/src/modules/deal/deal.entity.ts,Persistent change deals.deletedAt lacks a matching executable migration.,run_local,introduced
session_20260817_130253/T1,session_20260817_130253,T1,1,claude,minimal,frontend,FE-DUP-C-002-single-authoritative-implementation,DUP,frontend/src/pages/deals/dealQueries.js,function-clone logic has more than one production implementation.,run_local,introduced
session_20260817_130253/T1,session_20260817_130253,T1,1,claude,minimal,frontend,FE-DUP-C-002-single-authoritative-implementation,DUP,frontend/src/pages/deals/dealQueries.js,2 substantive duplicate implementation groups exist across the same files.,run_local,introduced
session_20260817_130253/T1,session_20260817_130253,T1,1,claude,minimal,frontend,FE-DUP-C-002-single-authoritative-implementation,DUP,frontend/src/pages/deals/index.jsx,function-clone logic has more than one production implementation.,run_local,introduced
session_20260817_130253/T1,session_20260817_130253,T1,1,claude,minimal,backend,BE-DOM-C-001-no-cross-module-deep-import,DOM,backend/src/modules/deal/deal.service.ts,Cross-module imports must use index.ts or the target module file.,trajectory_cumulative,introduced
session_20260817_130253/T1,session_20260817_130253,T1,1,claude,minimal,backend,BE-CONTRACT-C-001-entity-change-requires-migration,CONTRACT,backend/src/modules/deal/deal.entity.ts,Persistent change deals.name lacks a matching executable migration.,trajectory_cumulative,introduced
session_20260817_130253/T1,session_20260817_130253,T1,1,claude,minimal,backend,BE-CONTRACT-C-001-entity-change-requires-migration,CONTRACT,backend/src/modules/deal/deal.entity.ts,Persistent change deals.value lacks a matching executable migration.,trajectory_cumulative,introduced
session_20260817_130253/T1,session_20260817_130253,T1,1,claude,minimal,backend,BE-CONTRACT-C-001-entity-change-requires-migration,CONTRACT,backend/src/modules/deal/deal.entity.ts,Persistent change deals.stage lacks a matching executable migration.,trajectory_cumulative,introduced
session_20260817_130253/T1,session_20260817_130253,T1,1,claude,minimal,backend,BE-CONTRACT-C-001-entity-change-requires-migration,CONTRACT,backend/src/modules/deal/deal.entity.ts,Persistent change deals.expectedCloseDate lacks a matching executable migration.,trajectory_cumulative,introduced
session_20260817_130253/T1,session_20260817_130253,T1,1,claude,minimal,backend,BE-CONTRACT-C-001-entity-change-requires-migration,CONTRACT,backend/src/modules/deal/deal.entity.ts,Persistent change deals.createdAt lacks a matching executable migration.,trajectory_cumulative,introduced
session_20260817_130253/T1,session_20260817_130253,T1,1,claude,minimal,backend,BE-CONTRACT-C-001-entity-change-requires-migration,CONTRACT,backend/src/modules/deal/deal.entity.ts,Persistent change deals.updatedAt lacks a matching executable migration.,trajectory_cumulative,introduced
session_20260817_130253/T1,session_20260817_130253,T1,1,claude,minimal,backend,BE-CONTRACT-C-001-entity-change-requires-migration,CONTRACT,backend/src/modules/deal/deal.entity.ts,Persistent change deals.deletedAt lacks a matching executable migration.,trajectory_cumulative,introduced
session_20260817_130253/T1,session_20260817_130253,T1,1,claude,minimal,frontend,FE-DUP-C-002-single-authoritative-implementation,DUP,frontend/src/pages/deals/dealQueries.js,function-clone logic has more than one production implementation.,trajectory_cumulative,introduced
session_20260817_130253/T1,session_20260817_130253,T1,1,claude,minimal,frontend,FE-DUP-C-002-single-authoritative-implementation,DUP,frontend/src/pages/deals/dealQueries.js,2 substantive duplicate implementation groups exist across the same files.,trajectory_cumulative,introduced
session_20260817_130253/T1,session_20260817_130253,T1,1,claude,minimal,frontend,FE-DUP-C-002-single-authoritative-implementation,DUP,frontend/src/pages/deals/index.jsx,function-clone logic has more than one production implementation.,trajectory_cumulative,introduced
session_20260817_130253/T2,session_20260817_130253,T2,2,claude,minimal,backend,BE-DOM-C-001-no-cross-module-deep-import,DOM,backend/src/modules/deal/deal.service.ts,Cross-module imports must use index.ts or the target module file.,absolute,current
session_20260817_130253/T2,session_20260817_130253,T2,2,claude,minimal,backend,BE-CONTRACT-C-001-entity-change-requires-migration,CONTRACT,backend/src/modules/contact/contact-company.entity.ts,Persistent change contact_companies.createdAt lacks a matching executable migration.,absolute,current
session_20260817_130253/T2,session_20260817_130253,T2,2,claude,minimal,backend,BE-CONTRACT-C-001-entity-change-requires-migration,CONTRACT,backend/src/modules/deal/deal-contact.entity.ts,Persistent change deal_contacts.dealId lacks a matching executable migration.,absolute,current
session_20260817_130253/T2,session_20260817_130253,T2,2,claude,minimal,backend,BE-CONTRACT-C-001-entity-change-requires-migration,CONTRACT,backend/src/modules/deal/deal-contact.entity.ts,Persistent change deal_contacts.role lacks a matching executable migration.,absolute,current
session_20260817_130253/T2,session_20260817_130253,T2,2,claude,minimal,backend,BE-CONTRACT-C-001-entity-change-requires-migration,CONTRACT,backend/src/modules/deal/deal-contact.entity.ts,Persistent change deal_contacts.createdAt lacks a matching executable migration.,absolute,current
session_20260817_130253/T2,session_20260817_130253,T2,2,claude,minimal,frontend,FE-COM-C-001-component-file-max-lines,COM,frontend/src/pages/contacts/ContactForm.jsx,"React component file has 301 non-blank, non-comment lines; maximum is 300.",absolute,current
session_20260817_130253/T2,session_20260817_130253,T2,2,claude,minimal,frontend,FE-COM-C-001-component-file-max-lines,COM,frontend/src/pages/deals/DealForm.jsx,"React component file has 320 non-blank, non-comment lines; maximum is 300.",absolute,current
session_20260817_130253/T2,session_20260817_130253,T2,2,claude,minimal,frontend,FE-STATE-C-002-context-provider-only-in-controlled-locations,STATE,frontend/src/themes/index.jsx,Context providers must stay at an approved application or route boundary.,absolute,current
session_20260817_130253/T2,session_20260817_130253,T2,2,claude,minimal,frontend,FE-STATE-C-002-context-provider-only-in-controlled-locations,STATE,frontend/src/themes/index.jsx,Context providers must stay at an approved application or route boundary.,absolute,current
session_20260817_130253/T2,session_20260817_130253,T2,2,claude,minimal,frontend,FE-DUP-C-002-single-authoritative-implementation,DUP,frontend/src/layout/components/Navbar/HeaderContent/Notification.jsx,function-clone logic has more than one production implementation.,absolute,current
session_20260817_130253/T2,session_20260817_130253,T2,2,claude,minimal,frontend,FE-DUP-C-002-single-authoritative-implementation,DUP,frontend/src/pages/contacts/ContactDetail.jsx,component-clone logic has more than one production implementation.,absolute,current
session_20260817_130253/T2,session_20260817_130253,T2,2,claude,minimal,frontend,FE-DUP-C-002-single-authoritative-implementation,DUP,frontend/src/pages/contacts/contactQueries.js,3 substantive duplicate implementation groups exist across the same files.,absolute,current
session_20260817_130253/T2,session_20260817_130253,T2,2,claude,minimal,frontend,FE-DUP-C-002-single-authoritative-implementation,DUP,frontend/src/pages/contacts/ContactTable.jsx,component-clone logic has more than one production implementation.,absolute,current
session_20260817_130253/T2,session_20260817_130253,T2,2,claude,minimal,frontend,FE-DUP-C-002-single-authoritative-implementation,DUP,frontend/src/pages/deals/dealQueries.js,function-clone logic has more than one production implementation.,absolute,current
session_20260817_130253/T2,session_20260817_130253,T2,2,claude,minimal,frontend,FE-DUP-C-002-single-authoritative-implementation,DUP,frontend/src/pages/deals/dealQueries.js,2 substantive duplicate implementation groups exist across the same files.,absolute,current
session_20260817_130253/T2,session_20260817_130253,T2,2,claude,minimal,frontend,FE-DUP-C-002-single-authoritative-implementation,DUP,frontend/src/pages/deals/index.jsx,function-clone logic has more than one production implementation.,absolute,current
session_20260817_130253/T2,session_20260817_130253,T2,2,claude,minimal,backend,BE-DOM-C-001-no-cross-module-deep-import,DOM,backend/src/modules/deal/deal.service.ts,Cross-module imports must use index.ts or the target module file.,run_local,introduced
session_20260817_130253/T2,session_20260817_130253,T2,2,claude,minimal,backend,BE-CONTRACT-C-001-entity-change-requires-migration,CONTRACT,backend/src/modules/contact/contact-company.entity.ts,Persistent change contact_companies.createdAt lacks a matching executable migration.,run_local,introduced
session_20260817_130253/T2,session_20260817_130253,T2,2,claude,minimal,backend,BE-CONTRACT-C-001-entity-change-requires-migration,CONTRACT,backend/src/modules/deal/deal-contact.entity.ts,Persistent change deal_contacts.dealId lacks a matching executable migration.,run_local,introduced
session_20260817_130253/T2,session_20260817_130253,T2,2,claude,minimal,backend,BE-CONTRACT-C-001-entity-change-requires-migration,CONTRACT,backend/src/modules/deal/deal-contact.entity.ts,Persistent change deal_contacts.role lacks a matching executable migration.,run_local,introduced
session_20260817_130253/T2,session_20260817_130253,T2,2,claude,minimal,backend,BE-CONTRACT-C-001-entity-change-requires-migration,CONTRACT,backend/src/modules/deal/deal-contact.entity.ts,Persistent change deal_contacts.createdAt lacks a matching executable migration.,run_local,introduced
session_20260817_130253/T2,session_20260817_130253,T2,2,claude,minimal,frontend,FE-COM-C-001-component-file-max-lines,COM,frontend/src/pages/contacts/ContactForm.jsx,"React component file has 301 non-blank, non-comment lines; maximum is 300.",run_local,introduced
session_20260817_130253/T2,session_20260817_130253,T2,2,claude,minimal,frontend,FE-COM-C-001-component-file-max-lines,COM,frontend/src/pages/deals/DealForm.jsx,"React component file has 320 non-blank, non-comment lines; maximum is 300.",run_local,introduced
session_20260817_130253/T2,session_20260817_130253,T2,2,claude,minimal,frontend,FE-DUP-C-002-single-authoritative-implementation,DUP,frontend/src/pages/contacts/ContactDetail.jsx,component-clone logic has more than one production implementation.,run_local,introduced
session_20260817_130253/T2,session_20260817_130253,T2,2,claude,minimal,frontend,FE-DUP-C-002-single-authoritative-implementation,DUP,frontend/src/pages/contacts/ContactTable.jsx,component-clone logic has more than one production implementation.,run_local,introduced
session_20260817_130253/T2,session_20260817_130253,T2,2,claude,minimal,backend,BE-DOM-C-001-no-cross-module-deep-import,DOM,backend/src/modules/deal/deal.service.ts,Cross-module imports must use index.ts or the target module file.,run_local,resolved
session_20260817_130253/T2,session_20260817_130253,T2,2,claude,minimal,backend,BE-CONTRACT-C-001-entity-change-requires-migration,CONTRACT,backend/src/modules/deal/deal.entity.ts,Persistent change deals.name lacks a matching executable migration.,run_local,resolved
session_20260817_130253/T2,session_20260817_130253,T2,2,claude,minimal,backend,BE-CONTRACT-C-001-entity-change-requires-migration,CONTRACT,backend/src/modules/deal/deal.entity.ts,Persistent change deals.value lacks a matching executable migration.,run_local,resolved
session_20260817_130253/T2,session_20260817_130253,T2,2,claude,minimal,backend,BE-CONTRACT-C-001-entity-change-requires-migration,CONTRACT,backend/src/modules/deal/deal.entity.ts,Persistent change deals.stage lacks a matching executable migration.,run_local,resolved
session_20260817_130253/T2,session_20260817_130253,T2,2,claude,minimal,backend,BE-CONTRACT-C-001-entity-change-requires-migration,CONTRACT,backend/src/modules/deal/deal.entity.ts,Persistent change deals.expectedCloseDate lacks a matching executable migration.,run_local,resolved
session_20260817_130253/T2,session_20260817_130253,T2,2,claude,minimal,backend,BE-CONTRACT-C-001-entity-change-requires-migration,CONTRACT,backend/src/modules/deal/deal.entity.ts,Persistent change deals.createdAt lacks a matching executable migration.,run_local,resolved
session_20260817_130253/T2,session_20260817_130253,T2,2,claude,minimal,backend,BE-CONTRACT-C-001-entity-change-requires-migration,CONTRACT,backend/src/modules/deal/deal.entity.ts,Persistent change deals.updatedAt lacks a matching executable migration.,run_local,resolved
session_20260817_130253/T2,session_20260817_130253,T2,2,claude,minimal,backend,BE-CONTRACT-C-001-entity-change-requires-migration,CONTRACT,backend/src/modules/deal/deal.entity.ts,Persistent change deals.deletedAt lacks a matching executable migration.,run_local,resolved
session_20260817_130253/T2,session_20260817_130253,T2,2,claude,minimal,frontend,FE-DUP-C-002-single-authoritative-implementation,DUP,frontend/src/pages/contacts/ContactTable.jsx,component-clone logic has more than one production implementation.,run_local,resolved
session_20260817_130253/T2,session_20260817_130253,T2,2,claude,minimal,backend,BE-DOM-C-001-no-cross-module-deep-import,DOM,backend/src/modules/deal/deal.service.ts,Cross-module imports must use index.ts or the target module file.,trajectory_cumulative,introduced
session_20260817_130253/T2,session_20260817_130253,T2,2,claude,minimal,backend,BE-CONTRACT-C-001-entity-change-requires-migration,CONTRACT,backend/src/modules/contact/contact-company.entity.ts,Persistent change contact_companies.createdAt lacks a matching executable migration.,trajectory_cumulative,introduced
session_20260817_130253/T2,session_20260817_130253,T2,2,claude,minimal,backend,BE-CONTRACT-C-001-entity-change-requires-migration,CONTRACT,backend/src/modules/deal/deal-contact.entity.ts,Persistent change deal_contacts.dealId lacks a matching executable migration.,trajectory_cumulative,introduced
session_20260817_130253/T2,session_20260817_130253,T2,2,claude,minimal,backend,BE-CONTRACT-C-001-entity-change-requires-migration,CONTRACT,backend/src/modules/deal/deal-contact.entity.ts,Persistent change deal_contacts.role lacks a matching executable migration.,trajectory_cumulative,introduced
session_20260817_130253/T2,session_20260817_130253,T2,2,claude,minimal,backend,BE-CONTRACT-C-001-entity-change-requires-migration,CONTRACT,backend/src/modules/deal/deal-contact.entity.ts,Persistent change deal_contacts.createdAt lacks a matching executable migration.,trajectory_cumulative,introduced
session_20260817_130253/T2,session_20260817_130253,T2,2,claude,minimal,frontend,FE-COM-C-001-component-file-max-lines,COM,frontend/src/pages/contacts/ContactForm.jsx,"React component file has 301 non-blank, non-comment lines; maximum is 300.",trajectory_cumulative,introduced
session_20260817_130253/T2,session_20260817_130253,T2,2,claude,minimal,frontend,FE-COM-C-001-component-file-max-lines,COM,frontend/src/pages/deals/DealForm.jsx,"React component file has 320 non-blank, non-comment lines; maximum is 300.",trajectory_cumulative,introduced
session_20260817_130253/T2,session_20260817_130253,T2,2,claude,minimal,frontend,FE-DUP-C-002-single-authoritative-implementation,DUP,frontend/src/pages/contacts/ContactDetail.jsx,component-clone logic has more than one production implementation.,trajectory_cumulative,introduced
session_20260817_130253/T2,session_20260817_130253,T2,2,claude,minimal,frontend,FE-DUP-C-002-single-authoritative-implementation,DUP,frontend/src/pages/contacts/ContactTable.jsx,component-clone logic has more than one production implementation.,trajectory_cumulative,introduced
session_20260817_130253/T2,session_20260817_130253,T2,2,claude,minimal,frontend,FE-DUP-C-002-single-authoritative-implementation,DUP,frontend/src/pages/deals/dealQueries.js,function-clone logic has more than one production implementation.,trajectory_cumulative,introduced
session_20260817_130253/T2,session_20260817_130253,T2,2,claude,minimal,frontend,FE-DUP-C-002-single-authoritative-implementation,DUP,frontend/src/pages/deals/dealQueries.js,2 substantive duplicate implementation groups exist across the same files.,trajectory_cumulative,introduced
session_20260817_130253/T2,session_20260817_130253,T2,2,claude,minimal,frontend,FE-DUP-C-002-single-authoritative-implementation,DUP,frontend/src/pages/deals/index.jsx,function-clone logic has more than one production implementation.,trajectory_cumulative,introduced
session_20260817_130253/T2,session_20260817_130253,T2,2,claude,minimal,frontend,FE-DUP-C-002-single-authoritative-implementation,DUP,frontend/src/pages/contacts/ContactTable.jsx,component-clone logic has more than one production implementation.,trajectory_cumulative,resolved
session_20260817_130253/T3,session_20260817_130253,T3,3,claude,minimal,backend,BE-DOM-C-001-no-cross-module-deep-import,DOM,backend/src/modules/deal/deal.service.ts,Cross-module imports must use index.ts or the target module file.,absolute,current
session_20260817_130253/T3,session_20260817_130253,T3,3,claude,minimal,backend,BE-SIZE-C-001-max-method-parameters,SIZE,backend/src/modules/deal/deal.service.ts,Production methods may have at most three direct parameters.,absolute,current
session_20260817_130253/T3,session_20260817_130253,T3,3,claude,minimal,frontend,FE-COM-C-001-component-file-max-lines,COM,frontend/src/pages/contacts/ContactForm.jsx,"React component file has 301 non-blank, non-comment lines; maximum is 300.",absolute,current
session_20260817_130253/T3,session_20260817_130253,T3,3,claude,minimal,frontend,FE-COM-C-001-component-file-max-lines,COM,frontend/src/pages/deals/DealForm.jsx,"React component file has 384 non-blank, non-comment lines; maximum is 300.",absolute,current
session_20260817_130253/T3,session_20260817_130253,T3,3,claude,minimal,frontend,FE-STATE-C-002-context-provider-only-in-controlled-locations,STATE,frontend/src/themes/index.jsx,Context providers must stay at an approved application or route boundary.,absolute,current
session_20260817_130253/T3,session_20260817_130253,T3,3,claude,minimal,frontend,FE-STATE-C-002-context-provider-only-in-controlled-locations,STATE,frontend/src/themes/index.jsx,Context providers must stay at an approved application or route boundary.,absolute,current
session_20260817_130253/T3,session_20260817_130253,T3,3,claude,minimal,frontend,FE-DUP-C-002-single-authoritative-implementation,DUP,frontend/src/layout/components/Navbar/HeaderContent/Notification.jsx,function-clone logic has more than one production implementation.,absolute,current
session_20260817_130253/T3,session_20260817_130253,T3,3,claude,minimal,frontend,FE-DUP-C-002-single-authoritative-implementation,DUP,frontend/src/pages/contacts/ContactDetail.jsx,component-clone logic has more than one production implementation.,absolute,current
session_20260817_130253/T3,session_20260817_130253,T3,3,claude,minimal,frontend,FE-DUP-C-002-single-authoritative-implementation,DUP,frontend/src/pages/contacts/contactQueries.js,3 substantive duplicate implementation groups exist across the same files.,absolute,current
session_20260817_130253/T3,session_20260817_130253,T3,3,claude,minimal,frontend,FE-DUP-C-002-single-authoritative-implementation,DUP,frontend/src/pages/contacts/ContactTable.jsx,component-clone logic has more than one production implementation.,absolute,current
session_20260817_130253/T3,session_20260817_130253,T3,3,claude,minimal,frontend,FE-DUP-C-002-single-authoritative-implementation,DUP,frontend/src/pages/deals/dealQueries.js,function-clone logic has more than one production implementation.,absolute,current
session_20260817_130253/T3,session_20260817_130253,T3,3,claude,minimal,frontend,FE-DUP-C-002-single-authoritative-implementation,DUP,frontend/src/pages/deals/dealQueries.js,2 substantive duplicate implementation groups exist across the same files.,absolute,current
session_20260817_130253/T3,session_20260817_130253,T3,3,claude,minimal,frontend,FE-DUP-C-002-single-authoritative-implementation,DUP,frontend/src/pages/deals/index.jsx,function-clone logic has more than one production implementation.,absolute,current
session_20260817_130253/T3,session_20260817_130253,T3,3,claude,minimal,backend,BE-SIZE-C-001-max-method-parameters,SIZE,backend/src/modules/deal/deal.service.ts,Production methods may have at most three direct parameters.,run_local,introduced
session_20260817_130253/T3,session_20260817_130253,T3,3,claude,minimal,frontend,FE-COM-C-001-component-file-max-lines,COM,frontend/src/pages/deals/DealForm.jsx,"React component file has 384 non-blank, non-comment lines; maximum is 300.",run_local,introduced
session_20260817_130253/T3,session_20260817_130253,T3,3,claude,minimal,backend,BE-CONTRACT-C-001-entity-change-requires-migration,CONTRACT,backend/src/modules/contact/contact-company.entity.ts,Persistent change contact_companies.createdAt lacks a matching executable migration.,run_local,resolved
session_20260817_130253/T3,session_20260817_130253,T3,3,claude,minimal,backend,BE-CONTRACT-C-001-entity-change-requires-migration,CONTRACT,backend/src/modules/deal/deal-contact.entity.ts,Persistent change deal_contacts.dealId lacks a matching executable migration.,run_local,resolved
session_20260817_130253/T3,session_20260817_130253,T3,3,claude,minimal,backend,BE-CONTRACT-C-001-entity-change-requires-migration,CONTRACT,backend/src/modules/deal/deal-contact.entity.ts,Persistent change deal_contacts.role lacks a matching executable migration.,run_local,resolved
session_20260817_130253/T3,session_20260817_130253,T3,3,claude,minimal,backend,BE-CONTRACT-C-001-entity-change-requires-migration,CONTRACT,backend/src/modules/deal/deal-contact.entity.ts,Persistent change deal_contacts.createdAt lacks a matching executable migration.,run_local,resolved
session_20260817_130253/T3,session_20260817_130253,T3,3,claude,minimal,frontend,FE-COM-C-001-component-file-max-lines,COM,frontend/src/pages/deals/DealForm.jsx,"React component file has 320 non-blank, non-comment lines; maximum is 300.",run_local,resolved
session_20260817_130253/T3,session_20260817_130253,T3,3,claude,minimal,backend,BE-DOM-C-001-no-cross-module-deep-import,DOM,backend/src/modules/deal/deal.service.ts,Cross-module imports must use index.ts or the target module file.,trajectory_cumulative,introduced
session_20260817_130253/T3,session_20260817_130253,T3,3,claude,minimal,backend,BE-SIZE-C-001-max-method-parameters,SIZE,backend/src/modules/deal/deal.service.ts,Production methods may have at most three direct parameters.,trajectory_cumulative,introduced
session_20260817_130253/T3,session_20260817_130253,T3,3,claude,minimal,frontend,FE-COM-C-001-component-file-max-lines,COM,frontend/src/pages/contacts/ContactForm.jsx,"React component file has 301 non-blank, non-comment lines; maximum is 300.",trajectory_cumulative,introduced
session_20260817_130253/T3,session_20260817_130253,T3,3,claude,minimal,frontend,FE-COM-C-001-component-file-max-lines,COM,frontend/src/pages/deals/DealForm.jsx,"React component file has 384 non-blank, non-comment lines; maximum is 300.",trajectory_cumulative,introduced
session_20260817_130253/T3,session_20260817_130253,T3,3,claude,minimal,frontend,FE-DUP-C-002-single-authoritative-implementation,DUP,frontend/src/pages/contacts/ContactDetail.jsx,component-clone logic has more than one production implementation.,trajectory_cumulative,introduced
session_20260817_130253/T3,session_20260817_130253,T3,3,claude,minimal,frontend,FE-DUP-C-002-single-authoritative-implementation,DUP,frontend/src/pages/contacts/ContactTable.jsx,component-clone logic has more than one production implementation.,trajectory_cumulative,introduced
session_20260817_130253/T3,session_20260817_130253,T3,3,claude,minimal,frontend,FE-DUP-C-002-single-authoritative-implementation,DUP,frontend/src/pages/deals/dealQueries.js,function-clone logic has more than one production implementation.,trajectory_cumulative,introduced
session_20260817_130253/T3,session_20260817_130253,T3,3,claude,minimal,frontend,FE-DUP-C-002-single-authoritative-implementation,DUP,frontend/src/pages/deals/dealQueries.js,2 substantive duplicate implementation groups exist across the same files.,trajectory_cumulative,introduced
session_20260817_130253/T3,session_20260817_130253,T3,3,claude,minimal,frontend,FE-DUP-C-002-single-authoritative-implementation,DUP,frontend/src/pages/deals/index.jsx,function-clone logic has more than one production implementation.,trajectory_cumulative,introduced
session_20260817_130253/T3,session_20260817_130253,T3,3,claude,minimal,frontend,FE-DUP-C-002-single-authoritative-implementation,DUP,frontend/src/pages/contacts/ContactTable.jsx,component-clone logic has more than one production implementation.,trajectory_cumulative,resolved
session_20260817_160757/T1,session_20260817_160757,T1,1,claude,structured,backend,BE-CONTRACT-C-001-entity-change-requires-migration,CONTRACT,backend/src/modules/deal/deal.entity.ts,Persistent change deals.name lacks a matching executable migration.,absolute,current
session_20260817_160757/T1,session_20260817_160757,T1,1,claude,structured,backend,BE-CONTRACT-C-001-entity-change-requires-migration,CONTRACT,backend/src/modules/deal/deal.entity.ts,Persistent change deals.value lacks a matching executable migration.,absolute,current
session_20260817_160757/T1,session_20260817_160757,T1,1,claude,structured,backend,BE-CONTRACT-C-001-entity-change-requires-migration,CONTRACT,backend/src/modules/deal/deal.entity.ts,Persistent change deals.expectedCloseDate lacks a matching executable migration.,absolute,current
session_20260817_160757/T1,session_20260817_160757,T1,1,claude,structured,backend,BE-CONTRACT-C-001-entity-change-requires-migration,CONTRACT,backend/src/modules/deal/deal.entity.ts,Persistent change deals.createdAt lacks a matching executable migration.,absolute,current
session_20260817_160757/T1,session_20260817_160757,T1,1,claude,structured,backend,BE-CONTRACT-C-001-entity-change-requires-migration,CONTRACT,backend/src/modules/deal/deal.entity.ts,Persistent change deals.updatedAt lacks a matching executable migration.,absolute,current
session_20260817_160757/T1,session_20260817_160757,T1,1,claude,structured,backend,BE-CONTRACT-C-001-entity-change-requires-migration,CONTRACT,backend/src/modules/deal/deal.entity.ts,Persistent change deals.deletedAt lacks a matching executable migration.,absolute,current
session_20260817_160757/T1,session_20260817_160757,T1,1,claude,structured,backend,BE-DUP-C-003-no-equivalent-production-code,DUP,backend/src/core/seed/scenarios/edge-case.seed.ts,Equivalent production functions must reuse one shared implementation.,absolute,current
session_20260817_160757/T1,session_20260817_160757,T1,1,claude,structured,frontend,FE-STATE-C-002-context-provider-only-in-controlled-locations,STATE,frontend/src/themes/index.jsx,Context providers must stay at an approved application or route boundary.,absolute,current
session_20260817_160757/T1,session_20260817_160757,T1,1,claude,structured,frontend,FE-STATE-C-002-context-provider-only-in-controlled-locations,STATE,frontend/src/themes/index.jsx,Context providers must stay at an approved application or route boundary.,absolute,current
session_20260817_160757/T1,session_20260817_160757,T1,1,claude,structured,frontend,FE-DUP-C-002-single-authoritative-implementation,DUP,frontend/src/layout/components/Navbar/HeaderContent/Notification.jsx,function-clone logic has more than one production implementation.,absolute,current
session_20260817_160757/T1,session_20260817_160757,T1,1,claude,structured,frontend,FE-DUP-C-002-single-authoritative-implementation,DUP,frontend/src/pages/contacts/contactQueries.js,3 substantive duplicate implementation groups exist across the same files.,absolute,current
session_20260817_160757/T1,session_20260817_160757,T1,1,claude,structured,frontend,FE-DUP-C-002-single-authoritative-implementation,DUP,frontend/src/pages/contacts/ContactTable.jsx,component-clone logic has more than one production implementation.,absolute,current
session_20260817_160757/T1,session_20260817_160757,T1,1,claude,structured,frontend,FE-DUP-C-002-single-authoritative-implementation,DUP,frontend/src/pages/deals/dealQueries.js,function-clone logic has more than one production implementation.,absolute,current
session_20260817_160757/T1,session_20260817_160757,T1,1,claude,structured,frontend,FE-DUP-C-002-single-authoritative-implementation,DUP,frontend/src/pages/deals/dealQueries.js,2 substantive duplicate implementation groups exist across the same files.,absolute,current
session_20260817_160757/T1,session_20260817_160757,T1,1,claude,structured,backend,BE-CONTRACT-C-001-entity-change-requires-migration,CONTRACT,backend/src/modules/deal/deal.entity.ts,Persistent change deals.name lacks a matching executable migration.,run_local,introduced
session_20260817_160757/T1,session_20260817_160757,T1,1,claude,structured,backend,BE-CONTRACT-C-001-entity-change-requires-migration,CONTRACT,backend/src/modules/deal/deal.entity.ts,Persistent change deals.value lacks a matching executable migration.,run_local,introduced
session_20260817_160757/T1,session_20260817_160757,T1,1,claude,structured,backend,BE-CONTRACT-C-001-entity-change-requires-migration,CONTRACT,backend/src/modules/deal/deal.entity.ts,Persistent change deals.expectedCloseDate lacks a matching executable migration.,run_local,introduced
session_20260817_160757/T1,session_20260817_160757,T1,1,claude,structured,backend,BE-CONTRACT-C-001-entity-change-requires-migration,CONTRACT,backend/src/modules/deal/deal.entity.ts,Persistent change deals.createdAt lacks a matching executable migration.,run_local,introduced
session_20260817_160757/T1,session_20260817_160757,T1,1,claude,structured,backend,BE-CONTRACT-C-001-entity-change-requires-migration,CONTRACT,backend/src/modules/deal/deal.entity.ts,Persistent change deals.updatedAt lacks a matching executable migration.,run_local,introduced
session_20260817_160757/T1,session_20260817_160757,T1,1,claude,structured,backend,BE-CONTRACT-C-001-entity-change-requires-migration,CONTRACT,backend/src/modules/deal/deal.entity.ts,Persistent change deals.deletedAt lacks a matching executable migration.,run_local,introduced
session_20260817_160757/T1,session_20260817_160757,T1,1,claude,structured,backend,BE-DUP-C-003-no-equivalent-production-code,DUP,backend/src/core/seed/scenarios/edge-case.seed.ts,Equivalent production functions must reuse one shared implementation.,run_local,introduced
session_20260817_160757/T1,session_20260817_160757,T1,1,claude,structured,frontend,FE-DUP-C-002-single-authoritative-implementation,DUP,frontend/src/pages/deals/dealQueries.js,function-clone logic has more than one production implementation.,run_local,introduced
session_20260817_160757/T1,session_20260817_160757,T1,1,claude,structured,frontend,FE-DUP-C-002-single-authoritative-implementation,DUP,frontend/src/pages/deals/dealQueries.js,2 substantive duplicate implementation groups exist across the same files.,run_local,introduced
session_20260817_160757/T1,session_20260817_160757,T1,1,claude,structured,backend,BE-CONTRACT-C-001-entity-change-requires-migration,CONTRACT,backend/src/modules/deal/deal.entity.ts,Persistent change deals.name lacks a matching executable migration.,trajectory_cumulative,introduced
session_20260817_160757/T1,session_20260817_160757,T1,1,claude,structured,backend,BE-CONTRACT-C-001-entity-change-requires-migration,CONTRACT,backend/src/modules/deal/deal.entity.ts,Persistent change deals.value lacks a matching executable migration.,trajectory_cumulative,introduced
session_20260817_160757/T1,session_20260817_160757,T1,1,claude,structured,backend,BE-CONTRACT-C-001-entity-change-requires-migration,CONTRACT,backend/src/modules/deal/deal.entity.ts,Persistent change deals.expectedCloseDate lacks a matching executable migration.,trajectory_cumulative,introduced
session_20260817_160757/T1,session_20260817_160757,T1,1,claude,structured,backend,BE-CONTRACT-C-001-entity-change-requires-migration,CONTRACT,backend/src/modules/deal/deal.entity.ts,Persistent change deals.createdAt lacks a matching executable migration.,trajectory_cumulative,introduced
session_20260817_160757/T1,session_20260817_160757,T1,1,claude,structured,backend,BE-CONTRACT-C-001-entity-change-requires-migration,CONTRACT,backend/src/modules/deal/deal.entity.ts,Persistent change deals.updatedAt lacks a matching executable migration.,trajectory_cumulative,introduced
session_20260817_160757/T1,session_20260817_160757,T1,1,claude,structured,backend,BE-CONTRACT-C-001-entity-change-requires-migration,CONTRACT,backend/src/modules/deal/deal.entity.ts,Persistent change deals.deletedAt lacks a matching executable migration.,trajectory_cumulative,introduced
session_20260817_160757/T1,session_20260817_160757,T1,1,claude,structured,backend,BE-DUP-C-003-no-equivalent-production-code,DUP,backend/src/core/seed/scenarios/edge-case.seed.ts,Equivalent production functions must reuse one shared implementation.,trajectory_cumulative,introduced
session_20260817_160757/T1,session_20260817_160757,T1,1,claude,structured,frontend,FE-DUP-C-002-single-authoritative-implementation,DUP,frontend/src/pages/deals/dealQueries.js,function-clone logic has more than one production implementation.,trajectory_cumulative,introduced
session_20260817_160757/T1,session_20260817_160757,T1,1,claude,structured,frontend,FE-DUP-C-002-single-authoritative-implementation,DUP,frontend/src/pages/deals/dealQueries.js,2 substantive duplicate implementation groups exist across the same files.,trajectory_cumulative,introduced
session_20260817_160757/T2,session_20260817_160757,T2,2,claude,structured,backend,BE-DEP-C-004-no-circular-dependencies,DEP,backend/src/modules/contact/contact-company-link.entity.ts,Circular dependencies detected. Break the cycle by: 1. Extracting shared logic to a third module that both depend on 2. Moving one of the dependencies to a lower layer (dependency inversion) 3. Using interfaces/abstract types instead of concrete imports Cycles make the codebase harder to understand and test.,absolute,current
session_20260817_160757/T2,session_20260817_160757,T2,2,claude,structured,backend,BE-DEP-C-004-no-circular-dependencies,DEP,backend/src/modules/deal/deal-contact-link.entity.ts,Circular dependencies detected. Break the cycle by: 1. Extracting shared logic to a third module that both depend on 2. Moving one of the dependencies to a lower layer (dependency inversion) 3. Using interfaces/abstract types instead of concrete imports Cycles make the codebase harder to understand and test.,absolute,current
session_20260817_160757/T2,session_20260817_160757,T2,2,claude,structured,backend,BE-CONTRACT-C-001-entity-change-requires-migration,CONTRACT,backend/src/modules/deal/deal-contact-link.entity.ts,Persistent change deal_contact_links.role lacks a matching executable migration.,absolute,current
session_20260817_160757/T2,session_20260817_160757,T2,2,claude,structured,backend,BE-DUP-C-003-no-equivalent-production-code,DUP,backend/src/core/seed/scenarios/edge-case.seed.ts,Equivalent production functions must reuse one shared implementation.,absolute,current
session_20260817_160757/T2,session_20260817_160757,T2,2,claude,structured,backend,BE-DUP-C-003-no-equivalent-production-code,DUP,backend/src/modules/deal/deal.service.ts,Equivalent production functions must reuse one shared implementation.,absolute,current
session_20260817_160757/T2,session_20260817_160757,T2,2,claude,structured,backend,BE-DUP-C-003-no-equivalent-production-code,DUP,backend/src/modules/deal/deal.service.ts,Equivalent production functions must reuse one shared implementation.,absolute,current
session_20260817_160757/T2,session_20260817_160757,T2,2,claude,structured,frontend,FE-COM-C-001-component-file-max-lines,COM,frontend/src/pages/deals/DealForm.jsx,"React component file has 321 non-blank, non-comment lines; maximum is 300.",absolute,current
session_20260817_160757/T2,session_20260817_160757,T2,2,claude,structured,frontend,FE-STATE-C-002-context-provider-only-in-controlled-locations,STATE,frontend/src/themes/index.jsx,Context providers must stay at an approved application or route boundary.,absolute,current
session_20260817_160757/T2,session_20260817_160757,T2,2,claude,structured,frontend,FE-STATE-C-002-context-provider-only-in-controlled-locations,STATE,frontend/src/themes/index.jsx,Context providers must stay at an approved application or route boundary.,absolute,current
session_20260817_160757/T2,session_20260817_160757,T2,2,claude,structured,frontend,FE-DUP-C-002-single-authoritative-implementation,DUP,frontend/src/layout/components/Navbar/HeaderContent/Notification.jsx,function-clone logic has more than one production implementation.,absolute,current
session_20260817_160757/T2,session_20260817_160757,T2,2,claude,structured,frontend,FE-DUP-C-002-single-authoritative-implementation,DUP,frontend/src/pages/contacts/contactQueries.js,3 substantive duplicate implementation groups exist across the same files.,absolute,current
session_20260817_160757/T2,session_20260817_160757,T2,2,claude,structured,frontend,FE-DUP-C-002-single-authoritative-implementation,DUP,frontend/src/pages/contacts/ContactTable.jsx,component-clone logic has more than one production implementation.,absolute,current
session_20260817_160757/T2,session_20260817_160757,T2,2,claude,structured,frontend,FE-DUP-C-002-single-authoritative-implementation,DUP,frontend/src/pages/deals/dealQueries.js,function-clone logic has more than one production implementation.,absolute,current
session_20260817_160757/T2,session_20260817_160757,T2,2,claude,structured,frontend,FE-DUP-C-002-single-authoritative-implementation,DUP,frontend/src/pages/deals/dealQueries.js,2 substantive duplicate implementation groups exist across the same files.,absolute,current
session_20260817_160757/T2,session_20260817_160757,T2,2,claude,structured,backend,BE-DEP-C-004-no-circular-dependencies,DEP,backend/src/modules/contact/contact-company-link.entity.ts,Circular dependencies detected. Break the cycle by: 1. Extracting shared logic to a third module that both depend on 2. Moving one of the dependencies to a lower layer (dependency inversion) 3. Using interfaces/abstract types instead of concrete imports Cycles make the codebase harder to understand and test.,run_local,introduced
session_20260817_160757/T2,session_20260817_160757,T2,2,claude,structured,backend,BE-DEP-C-004-no-circular-dependencies,DEP,backend/src/modules/deal/deal-contact-link.entity.ts,Circular dependencies detected. Break the cycle by: 1. Extracting shared logic to a third module that both depend on 2. Moving one of the dependencies to a lower layer (dependency inversion) 3. Using interfaces/abstract types instead of concrete imports Cycles make the codebase harder to understand and test.,run_local,introduced
session_20260817_160757/T2,session_20260817_160757,T2,2,claude,structured,backend,BE-CONTRACT-C-001-entity-change-requires-migration,CONTRACT,backend/src/modules/deal/deal-contact-link.entity.ts,Persistent change deal_contact_links.role lacks a matching executable migration.,run_local,introduced
session_20260817_160757/T2,session_20260817_160757,T2,2,claude,structured,backend,BE-DUP-C-003-no-equivalent-production-code,DUP,backend/src/core/seed/scenarios/edge-case.seed.ts,Equivalent production functions must reuse one shared implementation.,run_local,introduced
session_20260817_160757/T2,session_20260817_160757,T2,2,claude,structured,backend,BE-DUP-C-003-no-equivalent-production-code,DUP,backend/src/modules/deal/deal.service.ts,Equivalent production functions must reuse one shared implementation.,run_local,introduced
session_20260817_160757/T2,session_20260817_160757,T2,2,claude,structured,backend,BE-DUP-C-003-no-equivalent-production-code,DUP,backend/src/modules/deal/deal.service.ts,Equivalent production functions must reuse one shared implementation.,run_local,introduced
session_20260817_160757/T2,session_20260817_160757,T2,2,claude,structured,frontend,FE-COM-C-001-component-file-max-lines,COM,frontend/src/pages/deals/DealForm.jsx,"React component file has 321 non-blank, non-comment lines; maximum is 300.",run_local,introduced
session_20260817_160757/T2,session_20260817_160757,T2,2,claude,structured,frontend,FE-DUP-C-002-single-authoritative-implementation,DUP,frontend/src/pages/contacts/ContactTable.jsx,component-clone logic has more than one production implementation.,run_local,introduced
session_20260817_160757/T2,session_20260817_160757,T2,2,claude,structured,backend,BE-CONTRACT-C-001-entity-change-requires-migration,CONTRACT,backend/src/modules/deal/deal.entity.ts,Persistent change deals.name lacks a matching executable migration.,run_local,resolved
session_20260817_160757/T2,session_20260817_160757,T2,2,claude,structured,backend,BE-CONTRACT-C-001-entity-change-requires-migration,CONTRACT,backend/src/modules/deal/deal.entity.ts,Persistent change deals.value lacks a matching executable migration.,run_local,resolved
session_20260817_160757/T2,session_20260817_160757,T2,2,claude,structured,backend,BE-CONTRACT-C-001-entity-change-requires-migration,CONTRACT,backend/src/modules/deal/deal.entity.ts,Persistent change deals.expectedCloseDate lacks a matching executable migration.,run_local,resolved
session_20260817_160757/T2,session_20260817_160757,T2,2,claude,structured,backend,BE-CONTRACT-C-001-entity-change-requires-migration,CONTRACT,backend/src/modules/deal/deal.entity.ts,Persistent change deals.createdAt lacks a matching executable migration.,run_local,resolved
session_20260817_160757/T2,session_20260817_160757,T2,2,claude,structured,backend,BE-CONTRACT-C-001-entity-change-requires-migration,CONTRACT,backend/src/modules/deal/deal.entity.ts,Persistent change deals.updatedAt lacks a matching executable migration.,run_local,resolved
session_20260817_160757/T2,session_20260817_160757,T2,2,claude,structured,backend,BE-CONTRACT-C-001-entity-change-requires-migration,CONTRACT,backend/src/modules/deal/deal.entity.ts,Persistent change deals.deletedAt lacks a matching executable migration.,run_local,resolved
session_20260817_160757/T2,session_20260817_160757,T2,2,claude,structured,backend,BE-DUP-C-003-no-equivalent-production-code,DUP,backend/src/core/seed/scenarios/edge-case.seed.ts,Equivalent production functions must reuse one shared implementation.,run_local,resolved
session_20260817_160757/T2,session_20260817_160757,T2,2,claude,structured,frontend,FE-DUP-C-002-single-authoritative-implementation,DUP,frontend/src/pages/contacts/ContactTable.jsx,component-clone logic has more than one production implementation.,run_local,resolved
session_20260817_160757/T2,session_20260817_160757,T2,2,claude,structured,backend,BE-DEP-C-004-no-circular-dependencies,DEP,backend/src/modules/contact/contact-company-link.entity.ts,Circular dependencies detected. Break the cycle by: 1. Extracting shared logic to a third module that both depend on 2. Moving one of the dependencies to a lower layer (dependency inversion) 3. Using interfaces/abstract types instead of concrete imports Cycles make the codebase harder to understand and test.,trajectory_cumulative,introduced
session_20260817_160757/T2,session_20260817_160757,T2,2,claude,structured,backend,BE-DEP-C-004-no-circular-dependencies,DEP,backend/src/modules/deal/deal-contact-link.entity.ts,Circular dependencies detected. Break the cycle by: 1. Extracting shared logic to a third module that both depend on 2. Moving one of the dependencies to a lower layer (dependency inversion) 3. Using interfaces/abstract types instead of concrete imports Cycles make the codebase harder to understand and test.,trajectory_cumulative,introduced
session_20260817_160757/T2,session_20260817_160757,T2,2,claude,structured,backend,BE-CONTRACT-C-001-entity-change-requires-migration,CONTRACT,backend/src/modules/deal/deal-contact-link.entity.ts,Persistent change deal_contact_links.role lacks a matching executable migration.,trajectory_cumulative,introduced
session_20260817_160757/T2,session_20260817_160757,T2,2,claude,structured,backend,BE-DUP-C-003-no-equivalent-production-code,DUP,backend/src/core/seed/scenarios/edge-case.seed.ts,Equivalent production functions must reuse one shared implementation.,trajectory_cumulative,introduced
session_20260817_160757/T2,session_20260817_160757,T2,2,claude,structured,backend,BE-DUP-C-003-no-equivalent-production-code,DUP,backend/src/modules/deal/deal.service.ts,Equivalent production functions must reuse one shared implementation.,trajectory_cumulative,introduced
session_20260817_160757/T2,session_20260817_160757,T2,2,claude,structured,backend,BE-DUP-C-003-no-equivalent-production-code,DUP,backend/src/modules/deal/deal.service.ts,Equivalent production functions must reuse one shared implementation.,trajectory_cumulative,introduced
session_20260817_160757/T2,session_20260817_160757,T2,2,claude,structured,frontend,FE-COM-C-001-component-file-max-lines,COM,frontend/src/pages/deals/DealForm.jsx,"React component file has 321 non-blank, non-comment lines; maximum is 300.",trajectory_cumulative,introduced
session_20260817_160757/T2,session_20260817_160757,T2,2,claude,structured,frontend,FE-DUP-C-002-single-authoritative-implementation,DUP,frontend/src/pages/contacts/ContactTable.jsx,component-clone logic has more than one production implementation.,trajectory_cumulative,introduced
session_20260817_160757/T2,session_20260817_160757,T2,2,claude,structured,frontend,FE-DUP-C-002-single-authoritative-implementation,DUP,frontend/src/pages/deals/dealQueries.js,function-clone logic has more than one production implementation.,trajectory_cumulative,introduced
session_20260817_160757/T2,session_20260817_160757,T2,2,claude,structured,frontend,FE-DUP-C-002-single-authoritative-implementation,DUP,frontend/src/pages/deals/dealQueries.js,2 substantive duplicate implementation groups exist across the same files.,trajectory_cumulative,introduced
session_20260817_160757/T2,session_20260817_160757,T2,2,claude,structured,frontend,FE-DUP-C-002-single-authoritative-implementation,DUP,frontend/src/pages/contacts/ContactTable.jsx,component-clone logic has more than one production implementation.,trajectory_cumulative,resolved
session_20260817_160757/T3,session_20260817_160757,T3,3,claude,structured,backend,BE-DEP-C-004-no-circular-dependencies,DEP,backend/src/modules/contact/contact-company-link.entity.ts,Circular dependencies detected. Break the cycle by: 1. Extracting shared logic to a third module that both depend on 2. Moving one of the dependencies to a lower layer (dependency inversion) 3. Using interfaces/abstract types instead of concrete imports Cycles make the codebase harder to understand and test.,absolute,current
session_20260817_160757/T3,session_20260817_160757,T3,3,claude,structured,backend,BE-DEP-C-004-no-circular-dependencies,DEP,backend/src/modules/deal/deal-contact-link.entity.ts,Circular dependencies detected. Break the cycle by: 1. Extracting shared logic to a third module that both depend on 2. Moving one of the dependencies to a lower layer (dependency inversion) 3. Using interfaces/abstract types instead of concrete imports Cycles make the codebase harder to understand and test.,absolute,current
session_20260817_160757/T3,session_20260817_160757,T3,3,claude,structured,backend,BE-DUP-C-003-no-equivalent-production-code,DUP,backend/src/core/seed/scenarios/edge-case.seed.ts,Equivalent production functions must reuse one shared implementation.,absolute,current
session_20260817_160757/T3,session_20260817_160757,T3,3,claude,structured,backend,BE-DUP-C-003-no-equivalent-production-code,DUP,backend/src/modules/deal/deal.service.ts,Equivalent production functions must reuse one shared implementation.,absolute,current
session_20260817_160757/T3,session_20260817_160757,T3,3,claude,structured,backend,BE-DUP-C-003-no-equivalent-production-code,DUP,backend/src/modules/deal/deal.service.ts,Equivalent production functions must reuse one shared implementation.,absolute,current
session_20260817_160757/T3,session_20260817_160757,T3,3,claude,structured,frontend,FE-STATE-C-002-context-provider-only-in-controlled-locations,STATE,frontend/src/themes/index.jsx,Context providers must stay at an approved application or route boundary.,absolute,current
session_20260817_160757/T3,session_20260817_160757,T3,3,claude,structured,frontend,FE-STATE-C-002-context-provider-only-in-controlled-locations,STATE,frontend/src/themes/index.jsx,Context providers must stay at an approved application or route boundary.,absolute,current
session_20260817_160757/T3,session_20260817_160757,T3,3,claude,structured,frontend,FE-DUP-C-001-single-resource-owner,DUP,frontend/src/pages/deals/ContactLinkRow.jsx,contact has competing page owners.,absolute,current
session_20260817_160757/T3,session_20260817_160757,T3,3,claude,structured,frontend,FE-DUP-C-002-single-authoritative-implementation,DUP,frontend/src/layout/components/Navbar/HeaderContent/Notification.jsx,function-clone logic has more than one production implementation.,absolute,current
session_20260817_160757/T3,session_20260817_160757,T3,3,claude,structured,frontend,FE-DUP-C-002-single-authoritative-implementation,DUP,frontend/src/pages/contacts/contactQueries.js,3 substantive duplicate implementation groups exist across the same files.,absolute,current
session_20260817_160757/T3,session_20260817_160757,T3,3,claude,structured,frontend,FE-DUP-C-002-single-authoritative-implementation,DUP,frontend/src/pages/contacts/ContactTable.jsx,component-clone logic has more than one production implementation.,absolute,current
session_20260817_160757/T3,session_20260817_160757,T3,3,claude,structured,frontend,FE-DUP-C-002-single-authoritative-implementation,DUP,frontend/src/pages/deals/dealQueries.js,function-clone logic has more than one production implementation.,absolute,current
session_20260817_160757/T3,session_20260817_160757,T3,3,claude,structured,frontend,FE-DUP-C-002-single-authoritative-implementation,DUP,frontend/src/pages/deals/dealQueries.js,2 substantive duplicate implementation groups exist across the same files.,absolute,current
session_20260817_160757/T3,session_20260817_160757,T3,3,claude,structured,backend,BE-DUP-C-003-no-equivalent-production-code,DUP,backend/src/core/seed/scenarios/edge-case.seed.ts,Equivalent production functions must reuse one shared implementation.,run_local,introduced
session_20260817_160757/T3,session_20260817_160757,T3,3,claude,structured,backend,BE-DUP-C-003-no-equivalent-production-code,DUP,backend/src/modules/deal/deal.service.ts,Equivalent production functions must reuse one shared implementation.,run_local,introduced
session_20260817_160757/T3,session_20260817_160757,T3,3,claude,structured,backend,BE-DUP-C-003-no-equivalent-production-code,DUP,backend/src/modules/deal/deal.service.ts,Equivalent production functions must reuse one shared implementation.,run_local,introduced
session_20260817_160757/T3,session_20260817_160757,T3,3,claude,structured,frontend,FE-DUP-C-001-single-resource-owner,DUP,frontend/src/pages/deals/ContactLinkRow.jsx,contact has competing page owners.,run_local,introduced
session_20260817_160757/T3,session_20260817_160757,T3,3,claude,structured,backend,BE-CONTRACT-C-001-entity-change-requires-migration,CONTRACT,backend/src/modules/deal/deal-contact-link.entity.ts,Persistent change deal_contact_links.role lacks a matching executable migration.,run_local,resolved
session_20260817_160757/T3,session_20260817_160757,T3,3,claude,structured,backend,BE-DUP-C-003-no-equivalent-production-code,DUP,backend/src/core/seed/scenarios/edge-case.seed.ts,Equivalent production functions must reuse one shared implementation.,run_local,resolved
session_20260817_160757/T3,session_20260817_160757,T3,3,claude,structured,backend,BE-DUP-C-003-no-equivalent-production-code,DUP,backend/src/modules/deal/deal.service.ts,Equivalent production functions must reuse one shared implementation.,run_local,resolved
session_20260817_160757/T3,session_20260817_160757,T3,3,claude,structured,backend,BE-DUP-C-003-no-equivalent-production-code,DUP,backend/src/modules/deal/deal.service.ts,Equivalent production functions must reuse one shared implementation.,run_local,resolved
session_20260817_160757/T3,session_20260817_160757,T3,3,claude,structured,frontend,FE-COM-C-001-component-file-max-lines,COM,frontend/src/pages/deals/DealForm.jsx,"React component file has 321 non-blank, non-comment lines; maximum is 300.",run_local,resolved
session_20260817_160757/T3,session_20260817_160757,T3,3,claude,structured,backend,BE-DEP-C-004-no-circular-dependencies,DEP,backend/src/modules/contact/contact-company-link.entity.ts,Circular dependencies detected. Break the cycle by: 1. Extracting shared logic to a third module that both depend on 2. Moving one of the dependencies to a lower layer (dependency inversion) 3. Using interfaces/abstract types instead of concrete imports Cycles make the codebase harder to understand and test.,trajectory_cumulative,introduced
session_20260817_160757/T3,session_20260817_160757,T3,3,claude,structured,backend,BE-DEP-C-004-no-circular-dependencies,DEP,backend/src/modules/deal/deal-contact-link.entity.ts,Circular dependencies detected. Break the cycle by: 1. Extracting shared logic to a third module that both depend on 2. Moving one of the dependencies to a lower layer (dependency inversion) 3. Using interfaces/abstract types instead of concrete imports Cycles make the codebase harder to understand and test.,trajectory_cumulative,introduced
session_20260817_160757/T3,session_20260817_160757,T3,3,claude,structured,backend,BE-DUP-C-003-no-equivalent-production-code,DUP,backend/src/core/seed/scenarios/edge-case.seed.ts,Equivalent production functions must reuse one shared implementation.,trajectory_cumulative,introduced
session_20260817_160757/T3,session_20260817_160757,T3,3,claude,structured,backend,BE-DUP-C-003-no-equivalent-production-code,DUP,backend/src/modules/deal/deal.service.ts,Equivalent production functions must reuse one shared implementation.,trajectory_cumulative,introduced
session_20260817_160757/T3,session_20260817_160757,T3,3,claude,structured,backend,BE-DUP-C-003-no-equivalent-production-code,DUP,backend/src/modules/deal/deal.service.ts,Equivalent production functions must reuse one shared implementation.,trajectory_cumulative,introduced
session_20260817_160757/T3,session_20260817_160757,T3,3,claude,structured,frontend,FE-DUP-C-001-single-resource-owner,DUP,frontend/src/pages/deals/ContactLinkRow.jsx,contact has competing page owners.,trajectory_cumulative,introduced
session_20260817_160757/T3,session_20260817_160757,T3,3,claude,structured,frontend,FE-DUP-C-002-single-authoritative-implementation,DUP,frontend/src/pages/contacts/ContactTable.jsx,component-clone logic has more than one production implementation.,trajectory_cumulative,introduced
session_20260817_160757/T3,session_20260817_160757,T3,3,claude,structured,frontend,FE-DUP-C-002-single-authoritative-implementation,DUP,frontend/src/pages/deals/dealQueries.js,function-clone logic has more than one production implementation.,trajectory_cumulative,introduced
session_20260817_160757/T3,session_20260817_160757,T3,3,claude,structured,frontend,FE-DUP-C-002-single-authoritative-implementation,DUP,frontend/src/pages/deals/dealQueries.js,2 substantive duplicate implementation groups exist across the same files.,trajectory_cumulative,introduced
session_20260817_160757/T3,session_20260817_160757,T3,3,claude,structured,frontend,FE-DUP-C-002-single-authoritative-implementation,DUP,frontend/src/pages/contacts/ContactTable.jsx,component-clone logic has more than one production implementation.,trajectory_cumulative,resolved
